title,author,googleid,goodreads_id,start date,end date,read status,rating,pages,thumbnail_url
Keep the Aspidistra Flying,George Orwell,IcqPEAAAQBAJ,9648,2021/05/03,,read,4,297.0,http://books.google.com/books/publisher/content?id=IcqPEAAAQBAJ&printsec=frontcover&img=1&zoom=1&edge=curl&imgtk=AFLRE71K2aPULZoftJ0KH596DxuoQj1fO_jY706PeARNQtWh16efZ-INfOFIOAXtuvsio6Le8XM0vbkHowytX7-ANZPBp_47cBYZ3Yu6y1eHQpaLgcZUR7RqvDBdqnOLJJmR7PzXEGeq&source=gbs_api
The Doors of Perception / Heaven and Hell,Aldous Huxley,h5mMb-Jbxq4C,5128,2022/01/05,2022/03/09,read,4,187.0,http://books.google.com/books/content?id=h5mMb-Jbxq4C&printsec=frontcover&img=1&zoom=1&imgtk=AFLRE70wkeG4gJ3rwwagyA5bIJpWsh9gAqiQbbpsksdKmVSTeJntUzEFVlli5HRBFMclcOqyGxEbfMfyZ5oMijWcr92NVxeCGQoG90htLXtwwuHmc1zJXFrd1N1Wt-fZaUF0-VSAihZv&source=gbs_api
The Thin Red Line,James Jones,weWKAwAAQBAJ,92417,2020/06/30,2022/03/09,read,3,475.0,http://books.google.com/books/publisher/content?id=weWKAwAAQBAJ&printsec=frontcover&img=1&zoom=1&imgtk=AFLRE704NktX97DEyb9ZsQLfHOOTjl21RzzNqOjgYHQal1GhlqQJ3H27Cro1Dp2NAqd9_8-y-VX4xHaTEm_BhlRRGCFPg-Sy9qSvKbcKzuOIHWHd5DEGdoaEg1cv2_ucmaO1dOA2SOeK&source=gbs_api
1984,George Orwell,kotPYEqx7kMC,40961427,2020/06/30,,read,5,298.0,http://books.google.com/books/content?id=kotPYEqx7kMC&printsec=frontcover&img=1&zoom=1&imgtk=AFLRE72vRO9ZhH2k8X3y2SKqSn7LYtULcufU1ic-X6XQ3be6rCA1i17TckUVaAd2pxfdJSM8Oz8rqDle_L3DiGGr4tBWJl93dQBZy_m7nPsCtuGXFY0knpIv1wnn5fhWokxOZYR3Tlid&source=gbs_api
Women,Charles Bukowski,nTvAJFBpuvYC,38500,2023/04/23,2023/05/03,read,3,291.0,http://books.google.com/books/content?id=nTvAJFBpuvYC&printsec=frontcover&img=1&zoom=1&imgtk=AFLRE72cQazwz0wz8hIRrHowd5himbkYBp2Ii3rcgHu5VjqAy9hWoYZfaocSUlmGunr8quvOXmlD-dEy05WFKxL8g0iUwQfwiAEmGniYbJ_UCU4ssrFIKHjlla4KfBoJeNwqxqoGupYb&source=gbs_api
Tender Is the Night,F. Scott Fitzgerald,rq1VDwAAQBAJ,46164,2022/01/05,2022/02/07,read,3,430.0,http://books.google.com/books/publisher/content?id=rq1VDwAAQBAJ&printsec=frontcover&img=1&zoom=1&edge=curl&imgtk=AFLRE73fgpqk1d1OMY5_JNLr61gS3WNCftfqMB1tIANwMbV3_4IcLessQGE5HrQxoM69Y1m4XEpep7bkpWuURYejZq-XTP6gF7fQbdmsi3-upQHr_QP_4jeDP-Pti92p7PWghsn8Zrmm&source=gbs_api
The Metamorphosis,Franz Kafka,CNadDwAAQBAJ,485894,2022/01/05,,read,3,201.0,http://books.google.com/books/publisher/content?id=CNadDwAAQBAJ&printsec=frontcover&img=1&zoom=1&edge=curl&imgtk=AFLRE73WZ7BCEQSH27Iwsq2xybCcWukr8Ws_ZKdIlrXpb0IVl6xkUnjVpqH4tY7J3PZEweHRUwBl63gAzg1jn5vBjpgJYRQP3uk0N1INfujJmw6aYvu0MUVthlY7L6BRUxSXeVHCWvy3&source=gbs_api
The History of Philosophy,A.C. Grayling,bDJwDwAAQBAJ,41954426,2022/01/04,2022/01/16,read,5,704.0,http://books.google.com/books/publisher/content?id=bDJwDwAAQBAJ&printsec=frontcover&img=1&zoom=1&imgtk=AFLRE706Vo2M98RYO_lNq08Qbe5FwlYjyC1woS4ycuJuqKXXwVsaDNLCzR5jXtju9CodhT4S3SvO2TKYHuUuUajo3qMqsjVssdSdhGSDbjpnFh11YMeDA7OXi22MgHuTqrB2iKz9Gn-l&source=gbs_api
A Little Life,Hanya Yanagihara,FGPYzwEACAAJ,22822858,2022/02/09,2022/03/03,read,3,720.0,http://books.google.com/books/content?id=FGPYzwEACAAJ&printsec=frontcover&img=1&zoom=1&imgtk=AFLRE736c8LlYQCoyv6y58R95YlzKL5CCywkfHR9kc-Ttx2liZycpRS5VoYF0_7oOWo9JKxEC2Jn6h5aFszTnIsASsC2bBALYJPSGBDRCywzMrB9uXzBC3AQwN6mUHYuG3RFnjZGSEFe&source=gbs_api
Darkness at Noon,Arthur Koestler,AcGdAmm4_xcC,30672,2022/02/07,2022/03/15,read,3,216.0,http://books.google.com/books/content?id=AcGdAmm4_xcC&printsec=frontcover&img=1&zoom=1&edge=curl&imgtk=AFLRE73vY9th0qvmcGyrJdi2zWFIwrgRvMdNxnd3lQnmBYFhjPMJpNIA0hF1u0VR2YS61UNkwBBPcGabJJRGFHVyqRGooR9O0AygMuQXmrhqdK5H77r7O5VU5lT7cSPiitursyEFv9Cm&source=gbs_api
Heart of Darkness,Joseph Conrad,2c_lltYHOywC,4900,2020/06/30,,read,5,188.0,http://books.google.com/books/content?id=2c_lltYHOywC&printsec=frontcover&img=1&zoom=1&edge=curl&imgtk=AFLRE72d19gKcLASrfPT7MirpM2tJ8fk8-mdY3s34h5UhVvgJJiLIRDD97MLgw08ErpXRJ8E1Rj1NHTK1SAQHC6IDI3N2b2w2i-H4ljgVU1gAcf9f_eoXx8vxp5Q_9O9W6EgD_qoxXXj&source=gbs_api
"The Molecule of More: How a Single Chemical in Your Brain Drives Love, Sex, and Creativity—and Will Determine the Fate of the Human Race",Daniel Z. Lieberman,ngFCDwAAQBAJ,38728977,2022/08/24,2023/04/29,read,4,240.0,http://books.google.com/books/publisher/content?id=ngFCDwAAQBAJ&printsec=frontcover&img=1&zoom=1&imgtk=AFLRE71VkuuU8L3Xeas6Dm32xcNKGlVOV-SUCZ5IQJQ8v2k9-HB0IQM38VX8xbQdcVs-GjIxK7cCUC6s26pxZs5Wlq9yPCrbw1VlmUzB6nw_RO4YIjf-Ro48npkL_luzZsWZ0lfKWYTi&source=gbs_api
The Sound and the Fury,William Faulkner,p7UrAQAAIAAJ,10975,2020/06/30,,read,5,366.0,http://books.google.com/books/content?id=p7UrAQAAIAAJ&printsec=frontcover&img=1&zoom=1&imgtk=AFLRE70ok1DVoOSlN--a-RQRDH_unzwj-hu1c79N6mXl0OP04629NdCCStdbz6cfUofkP9Sjg7cxWc86-MGDHr7AqCxl2vV2tOvYzUuHuC5LydiuqHfh92tej3YMV7nKwWC_U6poiqrE&source=gbs_api
East of Eden,John Steinbeck,alaX84xlzogC,4406,2022/01/04,2022/01/16,read,5,601.0,http://books.google.com/books/content?id=alaX84xlzogC&printsec=frontcover&img=1&zoom=1&imgtk=AFLRE71wMpfpkAz3Wgu2vn50mdmJ_2j4G2YiaoediP5c84MYsJq7hjUjUWysKfPr3paZxPEkGQXwkRVhdZ0ehgg_Bd1AnEsBW26QH9jTLBT8Hj15ohzE43qZcFzZjQJc6AYw67uY4k1w&source=gbs_api
The Narrow Road to the Deep North,Richard Flanagan,3be5BwAAQBAJ,17905709,2022/01/05,2022/03/28,read,4,467.0,http://books.google.com/books/publisher/content?id=3be5BwAAQBAJ&printsec=frontcover&img=1&zoom=1&imgtk=AFLRE71W04VIesMCRw4pZvD8Kx5P1huRR90r2QdifrVgIijQ1XYHMX9SHY8C8Kf2lawXLjJLBZjgvC_OKEEM0EFXEzUFsVV6y170MC0QHQmKwhjaipFwDX-KfUj1k5OwcQoVUA3UNwBT&source=gbs_api
Cancer Ward,Aleksandr Solzhenitsyn,E3EzrwGivL4C,254316,2022/05/04,2023/04/23,read,5,576.0,http://books.google.com/books/content?id=E3EzrwGivL4C&printsec=frontcover&img=1&zoom=1&imgtk=AFLRE71prbBMPoMzP3cgGt91yZZWx7loQnVpUwA7_7Lk01_MTE0CCSogNYCsHxqe5g_RLjlOPmGwQxt5LEoizj3rXrzHGjRh2mz1uwd0XqXRXdemgBD-j7MdVLBZMmdvqj8_z7_MGffX&source=gbs_api
In Cold Blood,Truman Capote,NGJubhmwqfoC,168642,2022/01/05,2022/02/07,read,4,343.0,http://books.google.com/books/content?id=NGJubhmwqfoC&printsec=frontcover&img=1&zoom=1&imgtk=AFLRE73cvlrjnvzppxYgFw3sFXOjqZmL_OooPvxpnMfP4oMabJ2CaFNXYh6TDoxlxThmwqLXwj4CGlcysn4aswrKvrAh5dvhZVflEGl2ZbhF7_WITR1pFRgTN2VeUxhIaxrGAF58yW8A&source=gbs_api
Lord Jim,Joseph Conrad,23H0nIJtLEkC,12194,2022/03/12,2022/04/06,read,4,455.0,http://books.google.com/books/content?id=23H0nIJtLEkC&printsec=frontcover&img=1&zoom=1&edge=curl&imgtk=AFLRE70FbqyOK6BBLe_vSrIv-EMcB01OxDZHFVgcaHrpYtS58M_UR7hSGsxa8zcTbaeoW3OHkfvS74HNoT0iTMyMk32u9TKGhsVzC_wol9IJ0kbHv9PVKLSGXbP0LeRZJ3aeRcWTnBUX&source=gbs_api
Digital Minimalism: Choosing a Focused Life in a Noisy World,Cal Newport,S4NbDwAAQBAJ,40672036,2023/04/02,2023/04/13,read,4,302.0,http://books.google.com/books/publisher/content?id=S4NbDwAAQBAJ&printsec=frontcover&img=1&zoom=1&imgtk=AFLRE71XSrkFnRxCN7CWYYLNX4E7XvjkJmOx5OMFkf5WSGcJ1qAX6GHHNd8fujQ6RixdFqfuYGX4ZYAsOc20oyew4iSe1_SKCul1JTzsGlP_5JdVDEi39cM7Amss5vW5kB5YR5G5qhbU&source=gbs_api
Japan Story,Christopher    Harding,VVlPDwAAQBAJ,38470226,2022/03/09,2022/04/06,read,4,528.0,http://books.google.com/books/publisher/content?id=VVlPDwAAQBAJ&printsec=frontcover&img=1&zoom=1&imgtk=AFLRE70uEs3_raCrtvSue9vluSSMrqW893rthHPMiFMKLdWbFFAjbin_5JbOpp_3ra8rj1vY6636LfrNQHYS2cao1WwSnv9mAYkjwOOAVM4FgvmmdbrygdxZyAyz8CwkhBZ34aFCRxa5&source=gbs_api
A Prayer for Owen Meany,John Irving,cW8Z_UfqnH4C,4473,2022/03/07,2022/05/01,read,3,637.0,http://books.google.com/books/content?id=cW8Z_UfqnH4C&printsec=frontcover&img=1&zoom=1&imgtk=AFLRE70HxVuFCG1BtZKm0ura0RMTrYELjEqqfamQhwUWadY98Ugbw6eH_Un8qNwvGdf52qcvbricrH197x9mHsJ4cpJxUHk2fmUpjtk6M_j54J2UkC9Q1zeyiqEBEspM4VcO8LW-4JKj&source=gbs_api
Never Split the Difference: Negotiating As If Your Life Depended On It,Chris Voss,TL8CCwAAQBAJ,26156469,2023/02/19,2023/03/30,read,4,274.0,http://books.google.com/books/publisher/content?id=TL8CCwAAQBAJ&printsec=frontcover&img=1&zoom=1&imgtk=AFLRE72Rkrf7WewOluPt0cM9DSPhUxw9dFUteqRrSAq00C6NOyyVw33u94faLrDqaiwyla4kz1sfYIbiqUshaBo0EeZzKNkWcUQ7YM-OHVvMUGQkTU9ia4OOioPEexb2vxFBABCqBpLY&source=gbs_api
Algorithms to Live By: The Computer Science of Human Decisions,Brian Christian,xmeJCgAAQBAJ,25666050,2021/05/03,,read,4,368.0,http://books.google.com/books/publisher/content?id=xmeJCgAAQBAJ&printsec=frontcover&img=1&zoom=1&imgtk=AFLRE70NALJzgkFZql8rqoQF5SWefUQhjf1IyDztIUIq3Pw6FL3w-WK5Mv-w8oM3PLF9BoHWPLvn51xFViioecIczSd-9GGS33j-7C5HIVkIq5asTwEywEuCzsCqWdvXEd0Jdd3z0Nrv&source=gbs_api
Economics: The User's Guide: A Pelican Introduction,Ha-Joon Chang,93rAAgAAQBAJ,22232098,2022/01/09,,read,4,528.0,http://books.google.com/books/publisher/content?id=93rAAgAAQBAJ&printsec=frontcover&img=1&zoom=1&imgtk=AFLRE71609-ALQVVFtuOurs9C_2NmxKG7DsGH2O9t0fRQyF_tjcP-sdbjACwgLVwh2ZpnmPEMBR7vtEJpI-sxfmeJO_SZwSk_AQyXiZ-WlW0tEyzugujqap2d6_yGlYvGOIrE1ieRPXc&source=gbs_api
The Age of Surveillance Capitalism: The Fight for a Human Future at the New Frontier of Power,Shoshana Zuboff,W7ZEDgAAQBAJ,26195941,2023/02/02,2023/06/10,read,4,691.0,http://books.google.com/books/publisher/content?id=W7ZEDgAAQBAJ&printsec=frontcover&img=1&zoom=1&imgtk=AFLRE73FLc7POxjMR_fFSELGYsRxIhnhG9EsP_Q74hlZ_plafIvVL3DZ4bpr5bDMJs_uYuLgK-hdoXHUVSilMAExG1McA_gN6xnLQW3j13lL-fDll3FYm_3QdRkUsNFNsjqL9XevDYP-&source=gbs_api
"Brain Energy: A Revolutionary Breakthrough in Understanding Mental Health--and Improving Treatment for Anxiety, Depression, OCD, PTSD, and More",Christopher M. Palmer,FoxlEAAAQBAJ,61129785,2023/04/27,2023/05/20,read,4,320.0,http://books.google.com/books/publisher/content?id=FoxlEAAAQBAJ&printsec=frontcover&img=1&zoom=1&imgtk=AFLRE72Z8ZXY5JSqWisFTz77DtEmHqF8LdHAIdGPqjGpYVRc2_0eivnUnzYp6jl8oONiBW88ahmuraqz5BF1CW3nffOtwHXI4534vJrhYRVEFHwUait6rbMjX6EkbTMtpUvU3sfSwZrQ&source=gbs_api
The Old Man and the Sea,Ernest Hemingway,K1cIZmFe7KoC,2165,2021/08/11,,read,3,96.0,http://books.google.com/books/content?id=K1cIZmFe7KoC&printsec=frontcover&img=1&zoom=1&edge=curl&imgtk=AFLRE72ltjdPavHE7NSrMxIwFCgBmAqdz_kQT06Lfum4nnrxbVAgOjya47LF19zDegXdVwaJi9PwIjXpRqhOWgQjokiyu7bYyMVNyImu1NLjjS_F2PoSfasRuz6u3hwxKCUGKVj7FO44&source=gbs_api
Revolutionary Road,Richard Yates,7k7Foo4aaCUC,48328,2021/08/11,,read,5,355.0,http://books.google.com/books/content?id=7k7Foo4aaCUC&printsec=frontcover&img=1&zoom=1&imgtk=AFLRE71d4QgDrzUlmgUO9jFvElIfdnoaGiaYmPI2mCX00fCfdR7f9vuKRW4ge96uxEga8lcm_py6EmRuL2K59M4YZg-pKAXguojkqWx1248oe3FG2GEoSqewcX_cDQrgsHe2uQznxOFe&source=gbs_api
Goodbye to All That,Robert Graves,okJ1AgAAQBAJ,55428,2020/06/30,2022/01/04,read,4,281.0,http://books.google.com/books/publisher/content?id=okJ1AgAAQBAJ&printsec=frontcover&img=1&zoom=1&imgtk=AFLRE70eQ7egZFPmduPFWoBXoSWRtNij47m72qeHeODM1WFxojBCkdrZnXdXJK547fNQKdHqSWmOwc1pLBlBijunqx5mGXozI-1hZug8Dt-augNvXTmzKrTR33XlzkJrQ-9AESBpXdbl&source=gbs_api
"Regeneration (Regeneration, #1)",Pat Barker,YiJOGCzq87QC,5872,2022/01/04,,read,4,256.0,http://books.google.com/books/content?id=YiJOGCzq87QC&printsec=frontcover&img=1&zoom=1&imgtk=AFLRE70g1jxQGFguiMmQu17wCXkceh8J6vMot2F-iiA6QMjK2F5CDPj1f3j3MsythAhVInyjxZQM_JtKuhuR3YshOMZBgiANPln3NFarMA9aSHVWAWcG1RA3GaD_Xoe4OS5Cj_xaBstc&source=gbs_api
"Guns, Germs, and Steel: The Fates of Human Societies",Jared Diamond,XLo9DgAAQBAJ,1842,2020/06/30,,read,3,498.0,http://books.google.com/books/publisher/content?id=XLo9DgAAQBAJ&printsec=frontcover&img=1&zoom=1&edge=curl&imgtk=AFLRE72qZfKrskShYMzBPA-wGW8MCtIw80R3fKxt_Bb520e4S6fcT0sjKag60UuJpsprWekBBn4foSdyyX5FTxzYL9UUiUz1rw6Bp2vwgCp2jkcSZf8MGbwI0vFSdQ_9rFJmA7Lgh7uM&source=gbs_api
The New Penguin History of The World,J.M. Roberts,Koj8JeOLgTcC,555926,2022/01/04,,read,5,1232.0,http://books.google.com/books/content?id=Koj8JeOLgTcC&printsec=frontcover&img=1&zoom=1&imgtk=AFLRE71v_NArs4Rx0_W0-QiPkreg_GmhZColVHp9MvX6eJtzyyjbR3cskoKIRwfj8fyE07qkliYUYkY7z4ksQfjPvnFTPwDcMbRP_QaZrfYcSJ0VshXuxTr6Kuz17G1UioTNEZRSVx-p&source=gbs_api
One Flew Over the Cuckoo's Nest,Ken Kesey,fMRcWrzMZwYC,332613,2022/01/04,,read,4,325.0,http://books.google.com/books/content?id=fMRcWrzMZwYC&printsec=frontcover&img=1&zoom=1&imgtk=AFLRE7303W-nnYYJ43KB2eOxaGKyrI-e8W2jkhXEoKpvDttAa_PAQD5EGytcfrbREgz9AmtmVg-rZVADa6y8v-ju7fhTGkP_uFsxmSIrWUBH9k4eYaV-xzj3LiK0oT13hijCqeeITdM0&source=gbs_api
The Master and Margarita,Mikhail Bulgakov,ZSsAEAAAQBAJ,117833,2022/01/04,,read,3,372.0,http://books.google.com/books/publisher/content?id=ZSsAEAAAQBAJ&printsec=frontcover&img=1&zoom=1&imgtk=AFLRE715zT5FFTWJYcEXWKlOMxYo2RlR0vvo1XAWsVVk0wccAB38x5xSNmdjGfsG6Gfu3ZLAfO4b7ghrHLpj2kXZCUIJKb35wn7FezZ1MFLg_mFo_FZFfCcZ6vWZ8MJxg7pd77YMYKwj&source=gbs_api
Mathematics and the Imagination (Dover Books on Mathematics),Edward Kasner,-bXDAgAAQBAJ,849866,2021/04/06,2021/05/03,read,3,400.0,http://books.google.com/books/publisher/content?id=-bXDAgAAQBAJ&printsec=frontcover&img=1&zoom=1&edge=curl&imgtk=AFLRE734XEUl6KXoBSQWkiMH9vHY6FrpmJI5jXQmG-zgd1aZ3nhHeLynk5dUXy3c_kfRELtNm3hnxLdW5CccH06_Iupqxx7UMOApLWU19BkDlckrZakaiDlKC8V8qtN5fk0fPy5QsUC6&source=gbs_api
As I Lay Dying,William Faulkner,yqxaAAAAMAAJ,77013,2020/06/30,,read,3,288.0,http://books.google.com/books/content?id=yqxaAAAAMAAJ&printsec=frontcover&img=1&zoom=1&imgtk=AFLRE70LII0itufdA9_Y9yG3nlFiz1zRSxOksEibtZ-IG3ilVr3JbBZokduYpN970iR1dbq1cK1V83rInP-GYRwP_tIiQYqExT7rbUDfhXBLMpPI9NpfVFRZwRiwciZq4NIW-7VsIJ45&source=gbs_api
The History of the Ancient World: From the Earliest Accounts to the Fall of Rome,Susan Wise Bauer,HmShg3dnLSMC,225947,2022/01/08,2023/07/04,read,4,896.0,http://books.google.com/books/content?id=HmShg3dnLSMC&printsec=frontcover&img=1&zoom=1&imgtk=AFLRE739MZuVJHfhvWwyKY0dfhdRhXndvJ3CVSlxcd98LA3ou55wLy74-oS7LjYLSUSLE5Rq_kzs49-SAEeHfILW20nqMhNNbnTUZtJeYOezTnIT3l0ItdH20O8PuWsLllYBZTTNV96H&source=gbs_api
The Songlines,Bruce Chatwin,Soc0yN78SFgC,76844,2021/02/10,,read,3,304.0,http://books.google.com/books/content?id=Soc0yN78SFgC&printsec=frontcover&img=1&zoom=1&imgtk=AFLRE71mzP3b5wFKvYNPaexojL1Z2Tp0K1D50E4_oV6exQ0sEIZ78Fkt4JqIZ4feGtCjDrsSLOjnX4qhssQYDkm0_jDBunz08KlRl6osRhg7OE60R-TgIlJQvtbli-L-AbFM2F31XLnW&source=gbs_api
The Picture of Dorian Gray,Oscar Wilde,w9A98UIGNMAC,5297,2021/02/10,,read,5,272.0,http://books.google.com/books/content?id=w9A98UIGNMAC&printsec=frontcover&img=1&zoom=1&imgtk=AFLRE736yEjRFGeA1GHzlKyCpIad_-PC8MmyZhfg6i1mIyiL5ljdIUIBFRXsdJ6E7Bv9_rfTspiTN97bLTtVcOJFRE43co-0WLxcT30K8i4cgNdUuP5qwqWo0rxcCtL2fHmkPp8JgUMO&source=gbs_api
Hell's Angels,Hunter S. Thompson,84o2ZGPzEVEC,10882,2021/02/10,,read,3,295.0,http://books.google.com/books/content?id=84o2ZGPzEVEC&printsec=frontcover&img=1&zoom=1&imgtk=AFLRE73_Tr6iTvLlKnvEOIOW5djYy86MelT6RLdfuRs0KesEoIa9ivENVK92r0LheQXa71KrEpkvkKXzR_eNNzFYKrBOPAXgL0AFeVMJQQ7qMdATtBifwqMJdSJa7GUEtAZfKnfC0jS4&source=gbs_api
The Gulag Archipelago 1918–1956 (Abridged),Aleksandr Solzhenitsyn,T8XTswEACAAJ,70561,2021/02/10,,read,3,512.0,http://books.google.com/books/content?id=T8XTswEACAAJ&printsec=frontcover&img=1&zoom=1&imgtk=AFLRE73C0-G99as7QfftNxxcu9BdH7KXOoAfxy0EnwaFnBaUfT3HAltxMDnmDDa0B27y2ZqbeYYnCnvs0r6ve89xjyc20LAj1zQJTp1HZjss_CEZkI6KbztloexXlzs4OIwhKidHUmz-&source=gbs_api
The Alchemist,Paulo Coelho,FzVjBgAAQBAJ,18144590,2020/06/30,,read,3,182.0,http://books.google.com/books/publisher/content?id=FzVjBgAAQBAJ&printsec=frontcover&img=1&zoom=1&imgtk=AFLRE70Lm8thHL3tdi-NU2vJO053qQSZoYVaNV2a5ZYxr0TlR874k5WMdl5JZbeLSb-zKiYAH8evrr4_azjEjzuUBOBXBVMuR7ZxCl2AePMnfEtVWVf9v0oAEeKW46gtkH-PmkjqWe0B&source=gbs_api
The Course of Love,Alain de Botton,od0nDwAAQBAJ,27845690,2021/02/10,,read,5,240.0,http://books.google.com/books/publisher/content?id=od0nDwAAQBAJ&printsec=frontcover&img=1&zoom=1&edge=curl&imgtk=AFLRE72r1HBziv065HgL9VAjbRUhjbxs2dfBNjzPwBrf1CEk5ZGcIm4V9jASFfPeQRbzYQlFCh5n5Q-QEn61kimJukdvKNLtMSMSWs3XxLg6IUPsPFYAb1Sb-UbolNFT6OZGfV3hAqIq&source=gbs_api
"Calm: Educate Yourself in the Art of Remaining Calm, and Learn how to Defend Yourself from Panic and Fury",The School of Life,7vL-vQAACAAJ,32486577,2021/02/10,,read,3,136.0,http://books.google.com/books/content?id=7vL-vQAACAAJ&printsec=frontcover&img=1&zoom=1&imgtk=AFLRE71FyIF88y3hR4aMveKIU4cG0iYwc5AK6EG9Xv949AdRLNVmc5b0D3e9fSHW37L2Oov7luCmwcJr9c0UeD95jxIWX4_V63rzK-AM-PikiLs3QBMEQwPZOeGxezvPHf_8lQGjmlJ9&source=gbs_api
The Trial,Franz Kafka,M2936BxlxqEC,17690,2022/01/05,,read,4,255.0,http://books.google.com/books/content?id=M2936BxlxqEC&printsec=frontcover&img=1&zoom=1&edge=curl&imgtk=AFLRE71F3zIVAsQC-96oRpeLwId3vIHaSk-Mdo7rfJchHFyNwvEkREJ1ctM6BT_wjvizRBfl4MpqJNwImZZL7VRiMkL7N14VrcfHrkI4HgDcjmnh-ado-lWC-ImdU-jw6qJMXqtYr7-w&source=gbs_api
World War II for Beginners (A WRITERS AND READERS DOCUMENTARY COMIC BOOK),Errol Selkirk,3KhZAAAAYAAJ,2758136,2023/06/20,2023/06/27,read,5,176.0,http://books.google.com/books/content?id=3KhZAAAAYAAJ&printsec=frontcover&img=1&zoom=1&imgtk=AFLRE73QwKfdYTl4n9Rkr9S1jxscmFFzRMmyTr-Rl-g02Y2KNIHLukq0rwpgKVWzPfWgyowitElZrsszrAfGjbDX4TkYGpefgm72HbBrMLNbVoT7Ie1o_yCmm6kl7mdevfCCwMisfGbN&source=gbs_api
History of the Ancient World: A Global Perspective (The Great Courses),Gregory S. Aldrete,,25692796,2023/06/12,2023/06/23,read,4,24.0,Error fetching thumbnail for 'History of the Ancient World: A Global Perspective (The Great Courses)'
Calling Bullshit: The Art of Skepticism in a Data-Driven World,Carl T. Bergstrom,w2jMDwAAQBAJ,48889983,2022/01/12,2022/09/06,read,5,336.0,http://books.google.com/books/publisher/content?id=w2jMDwAAQBAJ&printsec=frontcover&img=1&zoom=1&imgtk=AFLRE71o4KUT68u0NdBFxib5MQCoXfmT6SGI0kSmjKXm8ca-TCLT9w_qPx2Vw2oexco9NUTkZyJfeXcFU6EpFbdJHPjADPIj3yQx_6a1PnxreoDDNTo-6Njlz3aR1rJ_SHw_XlovcKAQ&source=gbs_api
One Day in the Life of Ivan Denisovich,Aleksandr Solzhenitsyn,gwnBvz8pIUMC,17125,2020/06/30,2023/03/30,read,4,182.0,http://books.google.com/books/content?id=gwnBvz8pIUMC&printsec=frontcover&img=1&zoom=1&imgtk=AFLRE73LCmuAHg1Q78H5lREjc8Em8RFIdKuCWAQ636eWMOqmnm0QGNX7FgbOG6ePB79000LXblPCjDMt8BSKVXAd21-Tw0UwGaCYGhXszqxDYMZI8oktXw9LMlUVgg9S1TuUsLV8TBaS&source=gbs_api
A Portrait of an Artist as a Young Man,James Joyce,C_rPXanc_HAC,11301012,2022/01/04,2022/01/05,read,3,0.0,http://books.google.com/books/content?id=C_rPXanc_HAC&printsec=frontcover&img=1&zoom=1&edge=curl&imgtk=AFLRE72a5a7poSL9VVJhbzH7wtsY9Zj_RDTEVMV6mItNpM3fVQrh5gn_67X8mo9R8xZcvczu2vrderk0swNGHVHnDoQfqzMQWLC-wfvzaGhSuw0N9nSpTYRRi3twaplDZUY_MJipIWxd&source=gbs_api
If on a Winter's Night a Traveler,Italo Calvino,R9qnfnugEOsC,374233,2022/01/14,2023/05/22,read,3,260.0,http://books.google.com/books/content?id=R9qnfnugEOsC&printsec=frontcover&img=1&zoom=1&imgtk=AFLRE73Va3tERGqiE4CL4WL7A7KCgMYlUaGoGOQ3WCqcLWB0XNIeBxZOPiTM1d70ai6dTOZ41De6i_8Jwdw_RJVU3TavBFAhVbnlf4WqUFzAJKLwSQ7FqBnRn9pNarqwpZM0970ltpOC&source=gbs_api
Blood Red Snow: The Memoirs of a German Soldier on the Eastern Front,Günter K. Koschorrek,_CHOAwAAQBAJ,815783,2020/06/30,2023/05/06,read,4,320.0,http://books.google.com/books/publisher/content?id=_CHOAwAAQBAJ&printsec=frontcover&img=1&zoom=1&edge=curl&imgtk=AFLRE71MZsncn8CHz5_l1L61qCps-hExVIPvCxb1DFzo8sMPFgI4rGbmPJQKp9G9xQqQu9lCDblZO0eaVyq0ZHYEf5vZpvzimEt40i40rW9kPNJdqZ7E5F99N2CuMmnHoP7_LeWD2nt9&source=gbs_api
Fires on the Plain,Shōhei Ōoka,S_VsAQAACAAJ,64492,2022/03/24,2023/03/21,read,4,246.0,
Lanark,Alasdair Gray,p6FaAAAAMAAJ,161037,2023/01/17,2023/02/19,read,4,560.0,http://books.google.com/books/content?id=p6FaAAAAMAAJ&printsec=frontcover&img=1&zoom=1&imgtk=AFLRE70DpfxaRjgB7wZGhafb9mLQYVKN1prI6RzhSoSfGC6SHvHOZ-DFamHVTQ5TJgbbVg34nswDGkAR-FF_5ibViwrx8I1nrnphOSU9Qbzdba50EMZe0bzs5SFWAV4x6OSeSZBwUuVb&source=gbs_api
Stoner,John  Williams,KHvRCFRnDv4C,166997,2023/02/27,2023/02/28,read,5,288.0,http://books.google.com/books/content?id=KHvRCFRnDv4C&printsec=frontcover&img=1&zoom=1&imgtk=AFLRE71Wlr6erlFK9gxTZO9JTp9ic-OE3VuZLg9xFoL2XWcoZ7wZjIMK1ITz5ifuOWDMhdd9GyXgv5ECBynUCuE1gPV2wxFu4i97JaIVKl5EJ_y1iJyrvsd-s8zTIHI6YRE2hJmLxMLL&source=gbs_api
How We Learn: Why Brains Learn Better Than Any Machine . . . for Now,Stanislas Dehaene,zpp9zQEACAAJ,46064083,2022/05/10,2022/07/22,read,4,352.0,http://books.google.com/books/content?id=zpp9zQEACAAJ&printsec=frontcover&img=1&zoom=1&imgtk=AFLRE73dnBlYkuinZjh3pwTBru8jRsdpCR5B4fEyPv6C3LpzNHO0YVpQvaWN8hXa_AVJvDWX-i4Sb6xKs50LJOm4vph_cKOJNkhdXETnOjaI7pgmLyegugFc17wmKVEmB0NeF9K_Xfwm&source=gbs_api
Steppenwolf,Hermann Hesse,jQSe1QvG4CkC,16631,2022/01/05,2022/07/09,read,3,256.0,http://books.google.com/books/content?id=jQSe1QvG4CkC&printsec=frontcover&img=1&zoom=1&imgtk=AFLRE73-U92G9ARA9USLa2FpgVeTw0GXKTuVI9AuoYPgKU8Dg6o6obm8IVI3EzphIMe0bCFIcFpfq-wkAu61rmWQxsK8E0-uD8lIx5x12_FMifqHabtbkguSwBYWCOuU_haXtiNtyhxE&source=gbs_api
Factotum,Charles Bukowski,LHjHsNvE0lIC,497199,2022/07/02,2022/07/09,read,3,208.0,http://books.google.com/books/content?id=LHjHsNvE0lIC&printsec=frontcover&img=1&zoom=1&imgtk=AFLRE72kNs0x9FpujEFulZxxCYnDTnjf3LMylC_3rdrTCq7yOHhse9iJWwEWDusSJ4XhRWnU5DZbHln2bfSCZwwqwDc6bprzGGmO-sqioJG2a9pJV5Ylss-X9Xk_AVRdMbkm5WOma8sX&source=gbs_api
The Magic Mountain,Thomas Mann,JuezAAAAIAAJ,88077,2022/12/07,2023/01/05,read,5,706.0,http://books.google.com/books/content?id=JuezAAAAIAAJ&printsec=frontcover&img=1&zoom=1&imgtk=AFLRE70l-R-U7Yml8N9gJIclAGpRFeGN7ds27Uzta_ay3QX4NFUlTiN9IbN6xLQp2N6QNe4ydRdRIx_yJ8koPHfzrbtht-So4Zh2gLn_ppkc6vYl1uUkesURqXs08qW5POOeak_BZtqs&source=gbs_api
The Well-Gardened Mind: The Restorative Power of Nature,Sue Stuart-Smith,t8onEAAAQBAJ,42201448,2022/07/05,2023/01/05,read,4,352.0,http://books.google.com/books/publisher/content?id=t8onEAAAQBAJ&printsec=frontcover&img=1&zoom=1&edge=curl&imgtk=AFLRE73CbmSNlVhh0TvmmJ3K_QF5EHhTbIpCRkw55H8sTDkW8Z1OytHyM2Ia4vh9yDOi0Fq1LK_0ZuZxDS5-DSL2aVni0esAcEZ1jeUPKmihTCU9IEZm1gkkKteTo0JB0sF1FPEm1yee&source=gbs_api
Utopia,Thomas More,EZajAQAAQBAJ,18414,2023/01/03,2023/01/05,read,4,163.0,http://books.google.com/books/publisher/content?id=EZajAQAAQBAJ&printsec=frontcover&img=1&zoom=1&edge=curl&imgtk=AFLRE70e8-gozfaHXXa1pQCn9UHK6o8FT4NwY7Ik4zYsBjV7RHCcskyANUj5ZXNZ2OHvkBRSKwgGXlGDclNmO2gz8nccYkxgapIGlnQZHrtmU78VxoPGKIcv716wqsj-VBvlqm7pXnwK&source=gbs_api
Kon-Tiki,Thor Heyerdahl,LrbDqE3BuhIC,790171,2022/12/03,2023/01/05,read,4,240.0,http://books.google.com/books/content?id=LrbDqE3BuhIC&printsec=frontcover&img=1&zoom=1&edge=curl&imgtk=AFLRE72f0Ulf4bakFoJC_auYytGNmHAJ-F5aqluf7kFi5_3q9ikLEXfzpR2sVmilJ68XVN6SiYuxw4PiftIfOo4syz509SXvppHCmE9UCH8mECQHNXy72H8B8kfeZaSpKT7a5zdIUGbP&source=gbs_api
The Metamorphosis and Other Stories,Franz Kafka,Tad1oLd1NHUC,7723,2022/01/17,,read,3,224.0,http://books.google.com/books/content?id=Tad1oLd1NHUC&printsec=frontcover&img=1&zoom=1&imgtk=AFLRE70Tq-6wKDfoc6GtNz9w0k0iyo4SkZ0DnzQk5Yh02n8BW76dsaMyGtM-bGlSBlmMeDkaTmc1FgsLkxZBii9AlnhzngCuyrKlPKVWHi1JxwXo__KKXGqxa2WBRr4zzNNm3ccL5Dr7&source=gbs_api
Hollywood (Spanish Edition),Charles Bukowski,C8DgDwAAQBAJ,38505,2022/07/09,2022/08/01,read,3,320.0,http://books.google.com/books/publisher/content?id=C8DgDwAAQBAJ&printsec=frontcover&img=1&zoom=1&imgtk=AFLRE73XKgJULbAl6_tBe64RhsQaosD0PnBMYxhjnM7k16k-FpQCK6FQF0MW_r3JMZkAoEgiLd_pZRQbw-PWh75M2I1hD5mxc32jUQBxkFLy2RTO1m9Tce02NYwxw047D303kvaXmtnt&source=gbs_api
"Heroes: Mortals and Monsters, Quests and Adventures (Stephen Fry's Great Mythology, #2)",Stephen Fry,4QRuDwAAQBAJ,41433634,2022/07/03,2022/12/21,read,4,415.0,http://books.google.com/books/publisher/content?id=4QRuDwAAQBAJ&printsec=frontcover&img=1&zoom=1&imgtk=AFLRE70rMu3w9E-gXdsz79NdA_z8ELx5QpnAGGVH8MduPpmnjqfCW2je5iDSoCYOa4XRscUxPhHvvzGR8he9NV5t1fKq5ivdtA3t6W_0sF_hDw1RmgvN9foVz94FZeWtUCERD9TCCowc&source=gbs_api
"Enlightenment Now: The Case for Reason, Science, Humanism, and Progress",Steven Pinker,xn83DwAAQBAJ,35696171,2022/07/07,2022/08/01,read,4,576.0,http://books.google.com/books/publisher/content?id=xn83DwAAQBAJ&printsec=frontcover&img=1&zoom=1&imgtk=AFLRE70TvRWpduRvyRLhczxW5hey4mkaYuYgN0GEeyEneXixv1GY4fTbtIutH-GKR9HI3Q14daUwcNYq0bdkl3Pf9fep6eWFvWbCYx-zePvSRJ4H7vXQ9OjCrDua6pt07QxEpexoKO3R&source=gbs_api
"Mythos: The Greek Myths Retold (Stephen Fry's Great Mythology, #1)",Stephen Fry,,35074096,2022/07/03,2022/08/11,read,4,416.0,"Error fetching thumbnail for 'Mythos: The Greek Myths Retold (Stephen Fry's Great Mythology, #1)'"
Pale Fire,Vladimir Nabokov,MIzUSDvML0kC,7805,2022/11/20,2022/12/03,read,3,246.0,http://books.google.com/books/content?id=MIzUSDvML0kC&printsec=frontcover&img=1&zoom=1&imgtk=AFLRE733ZuNKE2O3fk6gT26XiI-8skFVfSzOndwquPnqadABIC8Otv1GgxUv2a8HD5w4ES8S2lPuAu089_jRcjLKkbXAqX2XF15t4H42trL3-KxBuE8PWGpEYG1MqlFHXhEDDbVOfM41&source=gbs_api
How Emotions Are Made: The Secret Life of the Brain,Lisa Feldman Barrett,mA4iDgAAQBAJ,23719305,2022/06/02,2022/12/03,read,3,425.0,http://books.google.com/books/publisher/content?id=mA4iDgAAQBAJ&printsec=frontcover&img=1&zoom=1&imgtk=AFLRE70uT6Gmbn38ZX--6GpdjoU3bKvmnmtFibLyaMDIYfK-KJUaSAgXU0RZTyBQbyX679_aIHfBbux_0YKAix1XzYNqX9RMAoGZceiNstt7jNsAsQ3qy6ILWfsJsdi6PDC4IKzF1OG0&source=gbs_api
"Ideas: A History of Thought and Invention, from Fire to Freud",Peter Watson,CVNoJydnGAoC,408204,2022/08/05,2022/11/23,read,5,852.0,http://books.google.com/books/content?id=CVNoJydnGAoC&printsec=frontcover&img=1&zoom=1&imgtk=AFLRE70b9e0Ro0wRFv0k4QuXOG_lMRjqfy3ha4PEvSIBj4k0CjqRjfbmystWwZfurWIBLeJRK8H4yQbcENwNefutMUyE1U9rciZNsLAQKw_XphlBXxAShDsz_PX1Wuzj8Q_CyYC0iDay&source=gbs_api
The Body: A Guide for Occupants,Bill Bryson,856DDwAAQBAJ,43582376,2022/07/03,2022/11/20,read,4,450.0,http://books.google.com/books/publisher/content?id=856DDwAAQBAJ&printsec=frontcover&img=1&zoom=1&imgtk=AFLRE72MVF0BxGM79kr26pie_fIYuSap0RsQvoJKn8SYyqIxooW2zJAfgsaWe35WJJOwdZwhAYJHiro8XT4Zkr-4kZm12qiymzSX0gW34MOUEoRIFukQsoWRrP3DaaXey3I7m_PTJ3zz&source=gbs_api
Of Time and the River: A Legend of Man's Hunger in His Youth,Thomas Wolfe,yyLmEAAAQBAJ,12451,2022/01/05,2022/11/20,read,5,896.0,http://books.google.com/books/publisher/content?id=yyLmEAAAQBAJ&printsec=frontcover&img=1&zoom=1&edge=curl&imgtk=AFLRE70oHtzKGmX71SKvp0aVvwodPx_6Fjb5mP6jEhkLiXXi9D-FGjZ9kPY-iN2DvY2FIaURRYj7Hmzd9PTg64hQAtjZUFCp1J5Qh0urIdePVctLXPJnWde_EyC3sjQYy35J7UTEELBZ&source=gbs_api
"The Body Keeps the Score: Brain, Mind, and Body in the Healing of Trauma",Bessel van der Kolk,FMPdAgAAQBAJ,18693771,2022/04/06,2022/10/13,read,5,464.0,http://books.google.com/books/publisher/content?id=FMPdAgAAQBAJ&printsec=frontcover&img=1&zoom=1&imgtk=AFLRE72S5b_XMmJfV-s1FcSb3dXWqBPLNL0yiIk17JUFJZNESxONx0RBZ43E885iLHTijh5PEGqZrGdzyB2JYaVD5hYaog3_5_0FReGCLne0R5HfsUSlOm813qvYPjjyIsn7bY7gnVq2&source=gbs_api
The Unwomanly Face of War: An Oral History of Women in World War II,Svetlana Alexievich,VhUTDgAAQBAJ,32905382,2022/10/03,2022/10/09,read,4,331.0,http://books.google.com/books/publisher/content?id=VhUTDgAAQBAJ&printsec=frontcover&img=1&zoom=1&imgtk=AFLRE7240YJV_GQpbZnWQFZzLwfoFjJ8qkwlxEAu-09QoIqusPZhT0CCXpFA9JrtFYQGTQELVn12OX8cqbrXwR-uKAwT8637F5gVX0rx7h3PO7ki_E0kkAMDnpm1gbaiSbRq_IVLZwUn&source=gbs_api
Stalingrad,Vasily Grossman,Z9FnDwAAQBAJ,42194293,2022/09/26,2022/10/03,read,4,1088.0,http://books.google.com/books/publisher/content?id=Z9FnDwAAQBAJ&printsec=frontcover&img=1&zoom=1&imgtk=AFLRE70OVJG20rd-jPV8BqodDAa27-eU-1QB7akWyx7R-ah0hkShJzhNNO0h4ySDLdg9R16teFrbDBIrR4M0G0_0Z7VUP2Nl_4KlCzsgdB_MZp7hmJWbM1NfYOotbqcFrfE8CdAbzuWl&source=gbs_api
Matterhorn,Karl Marlantes,71tAAQAAIAAJ,6411016,2022/04/05,2022/09/26,read,5,663.0,http://books.google.com/books/content?id=71tAAQAAIAAJ&printsec=frontcover&img=1&zoom=1&imgtk=AFLRE72fRrD3LFw1i3QmpDf2eaAT-QKMC3vSs5SAPINQjJjj24cUTQsFrY_hp8eX6dVICikLtD_TYzDlmLPC2e0lCo_MkQeuDr2AQt9W51vl57mj4mz6KTW2K7GSQp_g8B-s9ExPukYA&source=gbs_api
The Boy Who Was Raised as a Dog: And Other Stories from a Child Psychiatrist's Notebook,Bruce D. Perry,WW5uDgAAQBAJ,129909,2022/08/25,2022/09/06,read,4,288.0,http://books.google.com/books/publisher/content?id=WW5uDgAAQBAJ&printsec=frontcover&img=1&zoom=1&imgtk=AFLRE704GEv33tvJDfgmUSbaxxy8Z_jJmtYuWEBHrbjRPQo7ewaj389eesSXRLPhVPBfyHx9h6Ipkth_aZLk_Cg45t6S1dLiEnRiIOdScRT5YlIw2UK9Cd-Q4_tWAQSmk_spbu04OMPk&source=gbs_api
"A Swim in a Pond in the Rain: In Which Four Russians Give a Master Class on Writing, Reading, and Life",George Saunders,YDtYEAAAQBAJ,53487237,2022/07/12,2022/09/06,read,4,403.0,http://books.google.com/books/publisher/content?id=YDtYEAAAQBAJ&printsec=frontcover&img=1&zoom=1&imgtk=AFLRE70od59XnMGX29qlRT0cUbXcUA1BxD8IHbIipgexaSWbPJOP7YiBCN5qivulMZS6OxwNkJ5IaYajmzO5LM6ZtEMWLydhtEeFLQv5cSQQJ00F1-OAN4e5MjJ5xqKt9Y4-tS7YAFJ-&source=gbs_api
A History of the World in 100 Objects,Neil MacGregor,r3mUtaSxCncC,9553383,2022/08/24,2022/09/06,read,5,707.0,http://books.google.com/books/content?id=r3mUtaSxCncC&printsec=frontcover&img=1&zoom=1&imgtk=AFLRE702-BPXJ6Re_gaYvEYvARb37U8jWeLaLYXhKw323jF1YFK7kj5OH8HSFYb6_DvUdwAUI2Sh88RTXB_VOFhpNHOZrkq8W72XXeCWk6mQKAzHTmuIEy4X9B5Lmr4yrmGfjaosrPEi&source=gbs_api
Depends What You Mean By Extremist,John Safran,JGdoDwAAQBAJ,34346697,2022/09/06,2022/09/11,read,4,304.0,http://books.google.com/books/publisher/content?id=JGdoDwAAQBAJ&printsec=frontcover&img=1&zoom=1&edge=curl&imgtk=AFLRE72p5_-KLKUzxnlOhM3tHQ1mbtNIOqMsTxtD3FzQois620__xs061xWpmcnpfVE6P4X7iQfmlt2KC2JUVDpTTbS5kp_Cvj17nw5AR0D4AeWSelmFhOUc3Rg37VPlIc3phs_imFoq&source=gbs_api
Inventing the Individual: The Origins of Western Liberalism,Larry Siedentop,HA4TDgAAQBAJ,18740986,2022/11/22,2023/01/11,read,4,416.0,http://books.google.com/books/publisher/content?id=HA4TDgAAQBAJ&printsec=frontcover&img=1&zoom=1&imgtk=AFLRE73eUyTq0Q_Y4PLs3xPDe1ILy_-ec4HWEYNroeEI6YPn1OqCmZ1jyjE17sfwVhxr50y2CwFQsfvCCs8rftPp47Z9U5Fr-Hulu1wi7-ujOUalj5-8A_143jDBZdqgiXNG2YV8wp0n&source=gbs_api
Butcher's Crossing,John  Williams,lIsdDAAAQBAJ,457228,2023/02/27,2023/03/12,read,4,274.0,http://books.google.com/books/publisher/content?id=lIsdDAAAQBAJ&printsec=frontcover&img=1&zoom=1&imgtk=AFLRE71DIiR5weH2gXS-dBQpE0oeqpJvPMjGjuo41gIyZYXBPb96LdqNB8Lv4zUEIesKIJ1rMT0n_lIwUzzYK6vR-I4DdzcTWvA9F5I3_t-vZ1fsT741afWEHqP6dZ-8oO6Q_-RAa5wV&source=gbs_api
The Brain that Changes Itself: Stories of Personal Triumph from the Frontiers of Brain Science,Norman Doidge,lbgAsJi1plwC,570172,2022/03/28,2022/07/09,read,4,427.0,http://books.google.com/books/content?id=lbgAsJi1plwC&printsec=frontcover&img=1&zoom=1&imgtk=AFLRE71gaZZdoAoHBH_hTKmSt4wEkCMfgttOPoJRsiMNLF01qJuwbNMlcC2sjWtrs0tUWNlSBkksckz1flsiRaMEuvCDgsNF6J3pYNYJMr_WA5ij2rW4EKUR1SluL0E7pn10eOx1LZ48&source=gbs_api
Ham on Rye,Charles Bukowski,xlLZYtirey0C,38501,2022/06/27,2022/07/02,read,4,288.0,http://books.google.com/books/content?id=xlLZYtirey0C&printsec=frontcover&img=1&zoom=1&imgtk=AFLRE70tAUwpSbRlkQtsapmgDVCqCjojDKiI1WLia5J7LR0Nk57_vySJthUadcHN8Hv-gOyLAsSxPTVmzTKp4p_jYUmupYKIaXgfgfg7jASb6xz14oBgo_b-4u-QCs_xw9TGxplny6o7&source=gbs_api
Jack Kerouac,Ann Charters,AIwEAQAAIAAJ,12387609,2023/02/16,2023/02/22,read,5,,http://books.google.com/books/content?id=AIwEAQAAIAAJ&printsec=frontcover&img=1&zoom=1&imgtk=AFLRE73AV_HIBV_5GxVashzyw4Se6D4OLYk-T63wht7vNPhRzTnXLmpKNCGaXBNEGBs8cb6_sEZypHaeiFUpECTe8CpY5XNVgIJWQ1twX6sDyLNqyxHMZSqqQnBhv0wH6S3AFtt8R84v&source=gbs_api
The Laws of Human Nature,Robert Greene,0U5XDwAAQBAJ,39330937,2021/05/03,2021/08/01,read,3,624.0,http://books.google.com/books/publisher/content?id=0U5XDwAAQBAJ&printsec=frontcover&img=1&zoom=1&imgtk=AFLRE70JxDORrYA-H-_WlxbuIfJxkyY42wkQloZHo9iObHM3E6HO3_keJnSpSGKncUscNAV174Dl6Zor8_EBGYeZxmfr76DZmKmIRPszI_Syp7hMXfnVExk-dm5x4Po2lqFS0jqmIlEH&source=gbs_api
Mating in Captivity: Reconciling the Erotic and the Domestic,Esther Perel,6rkkPwAACAAJ,27485,2023/01/25,2023/02/16,read,4,272.0,http://books.google.com/books/content?id=6rkkPwAACAAJ&printsec=frontcover&img=1&zoom=1&imgtk=AFLRE71YwK3rzNDo2oiYCz5Si1KcApmEoistuTFfPKwiikThXBnN16kZuAopFh48MgQc3DSOb3NMKhC6g-vqqCeOV3G2FZNM9gjukLfzH0M9C9bjyOKx6YE4YzuYRo9LwP2lOjOv_6wf&source=gbs_api
"Absalom, Absalom!",William Faulkner,PUh_EAAAQBAJ,373755,2022/01/16,2022/05/10,read,5,316.0,http://books.google.com/books/publisher/content?id=PUh_EAAAQBAJ&printsec=frontcover&img=1&zoom=1&edge=curl&imgtk=AFLRE7019k8zbVf48OueWmkr3K0zMMY3QvsHJ7MhBlK4Ac6ELqS0m7sd_f0Aa2ZNb9qN2uB5utwj30zn0rnEtyXnd-bE6Vv6TbPkd-57nqJYW8Fz-R1o6CWN08sXgV1ifNzvZJEDm0BT&source=gbs_api
The Razor's Edge,W. Somerset Maugham,C0i7DNHNy-8C,31196,2022/03/28,2022/05/19,read,4,314.0,http://books.google.com/books/content?id=C0i7DNHNy-8C&printsec=frontcover&img=1&zoom=1&imgtk=AFLRE72SP7SSh-HNQ71iOKgNlyP_dKLZgH7FyUsU-JQeSqXu6dypObHM-0T_PL-Xu8_37fZuwVNz4SXZAcEot6RDRiioQaiqDSF29ca3qmW2_Yjo0AorzhKPFFKnL-WCvn0kkr-qd1iy&source=gbs_api
Naked Lunch,William S. Burroughs,MlvMaAKiobgC,7437,2023/01/30,2023/02/07,read,3,289.0,http://books.google.com/books/content?id=MlvMaAKiobgC&printsec=frontcover&img=1&zoom=1&edge=curl&imgtk=AFLRE7148IEIXAx7goGp83FCZTIWq0SWdaR0_6oh0fKGU85I_VXy9J82ZTDjarDasz5xAY67wd3wSBduKcGg_RW7z3tHkzluBTRpPesgyF_8hE_6OOAV-PBdSZ3S2EuJGwxJ4FFKZgxt&source=gbs_api
Building and Dwelling: Ethics for the City,Richard Sennett,0dDPEAAAQBAJ,22711627,2022/04/06,2022/05/19,read,3,368.0,http://books.google.com/books/publisher/content?id=0dDPEAAAQBAJ&printsec=frontcover&img=1&zoom=1&imgtk=AFLRE70AESgh0mnLr8pAYNL7UFpzSFcs8VRTzlZTPEZsH9QwmzfBytwEqBCgLJGaZjLuKiILmYaC94f77mlYtBVVnsKji9B9Ra3X3CyCd1s1ed2fDMjSwaqCac3IZQdYkJ78hJl-ljl6&source=gbs_api
Collapse: How Societies Choose to Fail or Succeed,Jared Diamond,jNQd9RpuJ-4C,475,2023/01/17,2023/02/04,read,4,608.0,http://books.google.com/books/content?id=jNQd9RpuJ-4C&printsec=frontcover&img=1&zoom=1&imgtk=AFLRE70ryTg_vis4uVKBwHX6ZCdZU8G8ceJ6ghluqIibNvZoby2oz1wYnqNSbjO3ehpyFVPWdXhisFFvtHm9wm9T7BOwibpVRtTIDq-7PF-23HJWWDrqJYkBUMAVCN1bEyM_72h6RoVC&source=gbs_api
A Room with a View,E.M. Forster,QxrGEAAAQBAJ,3087,2023/01/08,2023/01/30,read,3,119.0,http://books.google.com/books/publisher/content?id=QxrGEAAAQBAJ&printsec=frontcover&img=1&zoom=1&edge=curl&imgtk=AFLRE71CIMl0fozs4cxhGrwSs_w5pyBZVVxfI9wBN78QsZ-00pcpXGSikKs4RjOjuCrT19LBLppcXu-XgL35VveTUhwpKlxRKC48Czp2-FHLULQrDF6a0MUjA7_WJH5SFmwS_95lzSn-&source=gbs_api
Sapiens: A Brief History of Humankind,Yuval Noah Harari,B4ARBAAAQBAJ,23692271,2020/06/30,2022/05/31,read,4,512.0,http://books.google.com/books/publisher/content?id=B4ARBAAAQBAJ&printsec=frontcover&img=1&zoom=1&imgtk=AFLRE73kFwLksrPC_xD3Zd5pIn46e7bqevjOW2oY23MZe2tgx28nqIEg1XnUfyFVGrZZfVDjYsMPOUWmZnYc1Rec3MiSrciG26z8QsXMD06O2LeLeUymotMOygyQ48bmYIa6NPsqylSD&source=gbs_api
"Cannery Row (Cannery Row, #1)",John Steinbeck,COWUzwEACAAJ,4799,2022/01/06,2022/05/31,read,4,181.0,http://books.google.com/books/content?id=COWUzwEACAAJ&printsec=frontcover&img=1&zoom=1&imgtk=AFLRE71qgZNzmVt3jzjLGSj2qOwQMzUXYJx7lism2jkL2Y9zRQJZGbx2Iey97p84DjTR1Ev52dOmsGnAjQMY_GvXgtCTKJJ6j0MJ1NSL0AovAOqOx4kaS30ME7XxYbDneYsyAcUjM9BD&source=gbs_api
Dark Emu,Bruce Pascoe,SB_xDwAAQBAJ,21401526,2021/02/10,2022/06/03,read,3,176.0,http://books.google.com/books/publisher/content?id=SB_xDwAAQBAJ&printsec=frontcover&img=1&zoom=1&edge=curl&imgtk=AFLRE71f9NlnxZGGkQJMBCgWgWQcK6Lu1z270QPYNZBQP0Cfl7LDooa-bTJJdMxjSfcFlOeS226olmfzdpZVm3cPRNOBcBNMB5mnlh5xH89Q10yNoreWcifcpZEGyeLfgWoFySBzye9l&source=gbs_api
Lady Chatterley's Lover,D.H. Lawrence,pFuwEAAAQBAJ,32049,2022/06/03,2022/06/12,read,3,376.0,http://books.google.com/books/publisher/content?id=pFuwEAAAQBAJ&printsec=frontcover&img=1&zoom=1&edge=curl&imgtk=AFLRE71vC8lC6UKW3pVDnAT2MWY_59APRc8_TFR7oydIMr1nrHGQiWqFYf9KkO2lzgAdXKsm1itNll2kUh0N44jQsgFA5TUGk32dr3MsLCYVH0UJgfH3MTzmlKuRnpNPfwe1mQpYGUx5&source=gbs_api
I Am Legend and Other Stories,Richard Matheson,qCmmvwEACAAJ,547094,2023/01/23,,read,4,317.0,http://books.google.com/books/content?id=qCmmvwEACAAJ&printsec=frontcover&img=1&zoom=1&imgtk=AFLRE73Dic6yLyOyRnoF-A3i3FFvz8pPq9Mdv8m9OhENS7-SqJWlF1IwsQT1XmuSHkMzVnxP883qxS26u4DvvAge5waU60LakD6lb9DQU4ouHZLWCC525C27A565M0B-wtQeLh-zPEjg&source=gbs_api
Post Office,Charles Bukowski,BsA6Rlgxu-4C,40409718,2022/06/20,2022/06/26,read,3,162.0,http://books.google.com/books/content?id=BsA6Rlgxu-4C&printsec=frontcover&img=1&zoom=1&imgtk=AFLRE72U7fMUdOUerDzYpbHWimODhogc4bHNbHy-BqACsAWTDfjApRrPnLvrd1AHEz81BJLwvMsCIsmgcPFEhKdJWjTv4_3GF4xQQwDKal_5epP9F8FQ7ubwzcSKfncwMkLDu6TMIIeu&source=gbs_api
To the Lighthouse,Virginia Woolf,iCjnJ4L363YC,59716,2022/04/10,2023/01/22,read,3,209.0,http://books.google.com/books/content?id=iCjnJ4L363YC&printsec=frontcover&img=1&zoom=1&imgtk=AFLRE71dxEpKUcT6k-zAiLC83LLxaxBTZWJK7ip50CQ2r0dlcZgsYwb2dMtpxlereZKbFwhrBfODHaxBndZx_nRHscIxCo2qFF_YmKOaVuSqOm0h5uiIl3Ad8d7NPU6BLkggE0AAGXZi&source=gbs_api
The Good Soldier Švejk,Jaroslav Hašek,tZteTHrbVjEC,7629,2022/01/05,2022/09/11,read,2,752.0,http://books.google.com/books/content?id=tZteTHrbVjEC&printsec=frontcover&img=1&zoom=1&edge=curl&imgtk=AFLRE72UmP8ewSSwNPxpn0jtFdFJOTvCQh946A52bVbadHxAJr58RebBrn1Zqylu8KbFZ6w1IZpPorjvH4mq_idWWoM2WytqRP0bUwsrRJjwHW9LE-2nZUDTFboPAQrEAqYc78-RR6Do&source=gbs_api
The Great Gatsby,F. Scott Fitzgerald,iXn5U2IzVH0C,4671,2022/01/16,2022/01/19,read,2,180.0,http://books.google.com/books/content?id=iXn5U2IzVH0C&printsec=frontcover&img=1&zoom=1&edge=curl&imgtk=AFLRE73RuqhQ2ea5SIYHQf6PXzfvx57KlVsxHzlEsRHAoZMXW2E4LMhSB0UMkCJbloRpIXME8l5D0PYzP8b2FR8_WG4CaOUUbbyuC-jNlZgg4Ku4yNi74qh90w7O5NY71udpvQu_nUQe&source=gbs_api
Big Sur,Jack Kerouac,QNSSDP9-BYUC,50140,2022/03/09,2022/03/15,read,2,256.0,http://books.google.com/books/content?id=QNSSDP9-BYUC&printsec=frontcover&img=1&zoom=1&imgtk=AFLRE70WpstgeoTB0c3E-CEZ3e0A229LHu8ZZ-E4BKQ5Ec8WVWAfvWVKRB2hyxMjPyjB4y2B--tiuAA4uhWTskiy5HaUz527PJL3vFnujCKh_M9LGzN_PNZyfJei8hDULBA-2ICvSlig&source=gbs_api
A Handful of Dust,Evelyn Waugh,lJiCEAAAQBAJ,531262,2022/05/04,2023/01/21,read,4,308.0,http://books.google.com/books/publisher/content?id=lJiCEAAAQBAJ&printsec=frontcover&img=1&zoom=1&edge=curl&imgtk=AFLRE72i7S7noFWr1kVvNTOmswoqqjZVpjPC7ule-AdOmtlyxrj3H6zSyvlGwilhsCJOTBNSPHhFosYwohzym_eGIU6pv-my0oWQpaHHGjOlxUetIN3BpJlI3dLwZF_34hoqDLnA8fZS&source=gbs_api
Kingdom of Fear: Loathsome Secrets of a Star-Crossed Child in the Final Days of the American Century,Hunter S. Thompson,XAcldr62o8wC,108220,2022/01/06,2022/06/26,read,3,384.0,http://books.google.com/books/content?id=XAcldr62o8wC&printsec=frontcover&img=1&zoom=1&edge=curl&imgtk=AFLRE703u1D1EHDBIvlvil7TjcfviT_fPLIDjW8rcB8i-ushXJ0dQFoFwId7xLvSFLJu_ydEWzuPxqwwpQOtW5zuMmqLGg1b56b0jY4K4nzQMaF4Vkhnk_hrdax5SAX4aABHCerlkwxb&source=gbs_api
Crime and Punishment,Fyodor Dostoevsky,Tb00PitOrZMC,7144,2022/03/24,2022/06/27,read,3,671.0,http://books.google.com/books/content?id=Tb00PitOrZMC&printsec=frontcover&img=1&zoom=1&imgtk=AFLRE73Dd1EBpmLUXUfjYBzxpqermbc4ehQhzPSUEn2CNiSEXt2sgtN4rRo0PW8XlJOX4-dNvKCbDcpy68_4xHWTgDziWNbikH-n78_1ClKJ1KPQb53BDbtapnlQZaBYy2A-PT3YcR50&source=gbs_api
To Kill a Mockingbird,Harper Lee,qiCrCQAAQBAJ,2657,2020/06/30,,read,4,323.0,http://books.google.com/books/publisher/content?id=qiCrCQAAQBAJ&printsec=frontcover&img=1&zoom=1&imgtk=AFLRE7046WVsYkt9f5QUaMWLuz6x93849pUUXhNjS3sjnMTQIycrNcqcu61-6upFnurz1dlXWzxdRW_sAc3EAyK14io4gZJJelSb0EUOzRfsyEDVyEOxcfyDnRvQC71aT9P-18meJ59o&source=gbs_api
Of Human Bondage,W. Somerset Maugham,r_lyEAAAQBAJ,31548,2022/03/28,2023/01/14,read,5,684.0,http://books.google.com/books/publisher/content?id=r_lyEAAAQBAJ&printsec=frontcover&img=1&zoom=1&edge=curl&imgtk=AFLRE73C3mu9VGyb-LDkafNtPxkne9tK7PoZnja4nMEpNs_jlLwuUMICUy1cBk9dQfeXmohENLJqqhiPdp_Nm4qbEr-OQpD_xHf77ZHdfs4nhYyC0UGOm7KBcyYw76k6fgLZokh4ePo2&source=gbs_api
Behave: The Biology of Humans at Our Best and Worst,Robert M. Sapolsky,sJKoDAAAQBAJ,31170723,2022/01/12,2022/06/27,read,5,790.0,http://books.google.com/books/publisher/content?id=sJKoDAAAQBAJ&printsec=frontcover&img=1&zoom=1&imgtk=AFLRE72tEBh5CsGTz614QDqeOTxOzsSzphRMmoHSh86Pag3dy3n3kdX3viYSIT6DdWaP_GaZbvJmeFu5isdswCrq4YfULhS2ANwXMrrGEtVJh9y-TRh-mURxNhfRtiFxfg9DQY5svTc3&source=gbs_api
Bullshit Jobs: A Theory,David Graeber,co2RDwAAQBAJ,34466958,2022/06/29,2023/01/12,read,4,335.0,http://books.google.com/books/publisher/content?id=co2RDwAAQBAJ&printsec=frontcover&img=1&zoom=1&edge=curl&imgtk=AFLRE72_u-PAT4jDte6cYFCns-VyHZIL60k9bdt8x0P52OLdVnVrqlNCpdnF-RqPFECpF8ltCEr-2fgEFUCQ5OtkMTRr6dsqEW-THIDS4bY-CQcrIIaoncDgnoLOSujYvsgFZi_O0EDt&source=gbs_api
Why We Sleep: Unlocking the Power of Sleep and Dreams,Matthew Walker,ZlU3DwAAQBAJ,34466963,2021/08/01,,read,5,368.0,http://books.google.com/books/publisher/content?id=ZlU3DwAAQBAJ&printsec=frontcover&img=1&zoom=1&edge=curl&imgtk=AFLRE70vOTft1QBCDrNtf9JAzANugDEquYtkZKzohzif7zFYnqYrSVBnQLIlR_6tBEHNaDvaWbR0e8VMXicvyeOx_6OuBJQZ4D5hOC0GsJnAFb3LF5uTTfIdyRcPZOCh94aOCii1mg6L&source=gbs_api
Infinite Jest,David Foster Wallace,9uXSayGPlgYC,6759,2022/03/17,2023/06/10,read,5,1088.0,http://books.google.com/books/content?id=9uXSayGPlgYC&printsec=frontcover&img=1&zoom=1&imgtk=AFLRE71iXdZBYFQa7MuQ03rdCeN22j2OfsUpX0eoLBhGyqxAS7RHEOQiYvrZ03e5iiEc8W6Q7EkJgOwjB-zS-29_dIOxaE1yPZg3AJLbftsOfy24X_PIvk2u1TKqUaM61QEVCbWQhh2-&source=gbs_api
The Cossacks,Leo Tolstoy,ulRRDwAAQBAJ,17698,2021/04/06,,read,4,161.0,http://books.google.com/books/publisher/content?id=ulRRDwAAQBAJ&printsec=frontcover&img=1&zoom=1&edge=curl&imgtk=AFLRE732s_2Nv6Mdaf9gRPQ_ZFiXHQaIa2Bajz85m6IOu0pc4q34p8A1erEGTYKn7jh1mbzXWk0nFQYMTl-wm-z0wDQBAM8OEiDro2Uz5XRpgGh7jbIwtZGQ_k5ndb2iKLHvsy8dj9pq&source=gbs_api
Lonesome Traveller,Jack Kerouac,2HzaipxTHZ4C,247972,2021/02/10,,read,3,174.0,http://books.google.com/books/content?id=2HzaipxTHZ4C&printsec=frontcover&img=1&zoom=1&imgtk=AFLRE71t_dS_lAhzwg_Ee66wykfemf2m9N1dRvLHflX8LvO1W72x5tQ5rYFewvTt0KrLa4JPk1QNFnGpS60Sq4BlIY7_hE_xLf_roWqslrpnrI5xOnJ-caS4e9t9250mxKzNI7DfBUCG&source=gbs_api
The First Third,Neal Cassady,x503EAAAQBAJ,6436376,2021/02/10,,read,3,222.0,http://books.google.com/books/publisher/content?id=x503EAAAQBAJ&printsec=frontcover&img=1&zoom=1&imgtk=AFLRE72DvIi8ZB21wDdRcufA6NNcSdOQefLRDXKdfHicmyeMDEYZGa-XXq2ut3ZntcbQ1xtOBHt7VKagw5KpnmWLHDHglkneHrg3rJxTyy3J1YXdvRmARAN-yFXoj0yG1t_fuHkC0p78&source=gbs_api
A Streetcar Named Desire and Other Plays,Tennessee Williams,KzazEAAAQBAJ,51210,2021/02/10,,read,4,313.0,http://books.google.com/books/publisher/content?id=KzazEAAAQBAJ&printsec=frontcover&img=1&zoom=1&edge=curl&imgtk=AFLRE70Lgw3HadZqUn3GGxX8J69m8-VWCeYLZQ-uw1xuPEH6HKmD_aqc5BI9VenNP-FdKsYestO7FX5rz4R0a7p7GROJjMpFvD9uC5AUojyk8tnsH4DZcMVW5DHcfaiUHMZF06oX1lTB&source=gbs_api
Do Androids Dream of Electric Sheep?,Philip K. Dick,DX5aAAAAMAAJ,36402034,2021/02/10,,read,2,258.0,http://books.google.com/books/content?id=DX5aAAAAMAAJ&printsec=frontcover&img=1&zoom=1&imgtk=AFLRE70t1_-KwolBYnDUvXUMWHne4DUqnJC5uoP9yM51shJHsPACy-psR8aT5kK847ukzrwDcdg26ZfTAj9ZHOORExWgNrxegjXZQ9uMVBAF9w4Bp8dvMCFEyWmr1E2_gWL9Wp9ccPSu&source=gbs_api
Notes of a Dirty Old Man,Charles Bukowski,dYpu-5qN2swC,38502,2021/02/10,,read,4,204.0,http://books.google.com/books/content?id=dYpu-5qN2swC&printsec=frontcover&img=1&zoom=1&edge=curl&imgtk=AFLRE71xt2L-ivEj8Kl6KVD9chSXW3U-BDzPM71GkLJYsELgfPU44ahi5Mm5Fggi_vygImsETVC_iqwtDmYJlpXhW2r5SXSVTJw8ldhDAGBDe2H9U9AsBqMN7E5aVveNvnYz1CKTkYeW&source=gbs_api
Tales of Ordinary Madness,Charles Bukowski,immu5IDUeXcC,38503,2021/02/10,,read,2,238.0,http://books.google.com/books/content?id=immu5IDUeXcC&printsec=frontcover&img=1&zoom=1&edge=curl&imgtk=AFLRE71UI0K56_-WUiJbWpoJwDMfT8nis21n4f5EXBKKBiNYjcWe_htzvJlwGs0_hY0lU9r1ozQsBQjKhUwwwnTOI93ubGHyTa64BjSJLpUvOziYWEMX6_ZEKTV_Z4TbF8Kov52eRYNz&source=gbs_api
"Holidays in Hell: In Which Our Intrepid Reporter Travels to the World's Worst Places and Asks, ""What's Funny about This?""",P.J. O'Rourke,8ELEochuwQkC,126077,2021/02/10,,read,5,272.0,http://books.google.com/books/content?id=8ELEochuwQkC&printsec=frontcover&img=1&zoom=1&edge=curl&imgtk=AFLRE70ayD9JjtcdgPWKWYuyK8y61C0_7hvI-De9Mvu6nevtjpk10cvju_YElvjbFxwo4gO-lkP2DFPJznSdFW1yaiwyt_0WRl3F7-NR-AwizNLuvCQpKKT65d5kvLxo89rudKImGod2&source=gbs_api
A-Z Great Modern Writers,Andy Tuohy,AsabBQAAQBAJ,28964226,2021/02/10,,read,3,224.0,http://books.google.com/books/publisher/content?id=AsabBQAAQBAJ&printsec=frontcover&img=1&zoom=1&imgtk=AFLRE70w3OjfjinaWLDR3k8SV7Xa3M4-sk4Y5CYXI514eMXhxt6zYkLwCumMmWp7fIFaCT_SGE1DATbrVGiNkNAEeRwsklgHVqHbAR5FENeKhhc3vO-QZ8EVAz2DkKgLx2pZCN3u4OZH&source=gbs_api
2001: A Space Odyssey,Arthur C. Clarke,HtDpW3qwc88C,70535,2020/06/30,,read,3,297.0,http://books.google.com/books/content?id=HtDpW3qwc88C&printsec=frontcover&img=1&zoom=1&imgtk=AFLRE71eXvtWFiQLPgJUPXEfhyTjItx_ApUwJA73QiJP8emj-XUm8Z7EXupfiOAyvRi9QzRhUyxINLIBeVVllr5K6T02H2Imqz2kJ3rh_aAHbYVTN3nFv6UizTnAmTVwV70zlZ3mk0bv&source=gbs_api
The Longest Journey,E.M. Forster,JROKDwAAQBAJ,3101,2021/02/10,,read,4,396.0,http://books.google.com/books/publisher/content?id=JROKDwAAQBAJ&printsec=frontcover&img=1&zoom=1&edge=curl&imgtk=AFLRE72OeNpUtUivaEppESEQMKhGE_td3vE-eooBrrID4yMhgK-LjBtyz0fedw893bp1Np_7y5WHK8PO8ht4j2jxyCr3wE25SpGe1s6FpbTA2-lAFzcLN4TEwP0BNtAl8pA4tp-It4y_&source=gbs_api
Justice: What's the Right Thing to Do?,Michael J. Sandel,wpNK0OEY0gYC,6452731,2023/01/15,2023/04/08,read,4,308.0,http://books.google.com/books/content?id=wpNK0OEY0gYC&printsec=frontcover&img=1&zoom=1&imgtk=AFLRE71UxI_vwlbQn12frbztay5YnwTA541Zg2MYlqNFkoQVgf4kLYqkyxEErgFo6WC4NJFnO2cObfe4-I2EdG9Om4LrPLyT8LWX1xb6IPVTXt6SItWQYIROKXnqFzPe8xDnFg4hC2tw&source=gbs_api
As I Walked Out One Midsummer Morning,Laurie Lee,DRS7AwAAQBAJ,1019332,2021/02/10,,read,4,192.0,http://books.google.com/books/publisher/content?id=DRS7AwAAQBAJ&printsec=frontcover&img=1&zoom=1&imgtk=AFLRE709_38_GtCU0Fru1a6OJ8dgrjSe9kijELKAFkE36IRn1yWXZAjbga3Y8HH_6mEl_CFcUjVkOql5C5ASIANjdImd_9JNEdqcrbJdSdSutnIR6pyRRm6Fri7lJYwHd6nbMZ_P7WcD&source=gbs_api
Brighton Rock,Graham Greene,AupU4dGrst0C,48862,2021/02/10,,read,2,269.0,http://books.google.com/books/content?id=AupU4dGrst0C&printsec=frontcover&img=1&zoom=1&imgtk=AFLRE71Fd-y4OBWDLRjdvrnOlMLIxkCX2nQgkrYexgZ2LzEmjOu8FBhaUWEin0mzKVqNRVYLuhi1cced7Bgbr-L6XY09hvWdQchAR64EZaleySeBSTRcDoTEcAsVf2IiAOlEOnD99N3N&source=gbs_api
"Look Homeward, Angel",Thomas Wolfe,aWHrDwAAQBAJ,12448,2021/02/10,,read,3,544.0,http://books.google.com/books/publisher/content?id=aWHrDwAAQBAJ&printsec=frontcover&img=1&zoom=1&edge=curl&imgtk=AFLRE70TKv3-ZlRZtFoJhPUc00a1vmrOYjY1F2UTjce41N4Q4IIWy4FJrV4tKXh9P0elWl7Vb7vE8uu5JuA0TOSlTRaKZX9x6Wazkx8K9BLLP0gg9dvXifEQy4ogc7PRRpz_31jIQ1r_&source=gbs_api
In Patagonia,Bruce Chatwin,lwY0bsk4tTcC,79909,2021/02/10,,read,3,199.0,http://books.google.com/books/content?id=lwY0bsk4tTcC&printsec=frontcover&img=1&zoom=1&imgtk=AFLRE70EVpxKimGa6-LfR4BwwbPKl4VVlhv9WU1L9aZsGRvIlCsgF_y7Mlf65Ph38HCQT8Yg9jr8EDdpXzN4jnwSH-xXEv1WYwDxkYjpu1k_Mm-a3G8_SXsodtR2eRfLIIGxzHQb-A7J&source=gbs_api
"Who Are You Discovering Your Real Identity (Who Are You? Series, Pt. 1)",Chris  Butler,EIhcDwAAQBAJ,4679429,2021/04/06,,read,3,473.0,http://books.google.com/books/publisher/content?id=EIhcDwAAQBAJ&printsec=frontcover&img=1&zoom=1&edge=curl&imgtk=AFLRE70iu2uxskUgKVtRW0EOuKwEJERRDBfxLJxaEczyaXJR3MAQXT1SpXMXHzjL4KnSoC3N6rizKErZn-gW2Yo8aBS7v4rf1SNKLvOmHY2qvzMf14wRfDGmlpcl_5kbzS7lXT9wQq3c&source=gbs_api
"Trainspotting (Mark Renton, #2)",Irvine Welsh,Nac7DgAAQBAJ,135836,2021/02/10,,read,4,431.0,http://books.google.com/books/publisher/content?id=Nac7DgAAQBAJ&printsec=frontcover&img=1&zoom=1&imgtk=AFLRE73pg-dBy1v8psp2Q31cnF6e8Ocs7W_uhqsNO3XSX6lPRvzwrkLnXAGA2pck15BP7xayHcTOeAUng5F_iJ7N2ssizz6L8cqZr6JlaEBDrPwGnDOy4NiRmxVlPkytjk3_1KOE3Rxb&source=gbs_api
Ecstasy,Irvine Welsh,2kOV0ImUpLMC,135840,2021/02/10,,read,4,352.0,http://books.google.com/books/content?id=2kOV0ImUpLMC&printsec=frontcover&img=1&zoom=1&imgtk=AFLRE71rqTYpAZGT7ONvMDoWRpj7YqjuULzqM6LMrjPCguLdqJ_sIG8FIkKKok4pkSucoFhRhXL-8HMK9NVjqLWDc2ZWxYT_a2dQ4pUSpqAYca3eCIw46dB05yOvHMi5t1K75Ts7IPkl&source=gbs_api
A History of Latin America,George Pendle,iBsmbQCZtrAC,1665639,2021/02/10,,read,4,272.0,http://books.google.com/books/content?id=iBsmbQCZtrAC&printsec=frontcover&img=1&zoom=1&imgtk=AFLRE72tBbidweWCtK-B7sqoKQ9iuGCSMmo6kqmoekWlUyncRvFn1KuqWfgQajIdZi6VfHxq9GP__qCFswwWuWvvKPn-RcE7JEMgRa1pLCJxbkdtIZHZooworjfCyX8Cqn_mHEn2eK9Q&source=gbs_api
Unknown Pleasures: Inside Joy Division,Peter Hook,u-1KBxY7EJ4C,15818498,2021/02/10,,read,5,416.0,http://books.google.com/books/content?id=u-1KBxY7EJ4C&printsec=frontcover&img=1&zoom=1&edge=curl&imgtk=AFLRE739AEFMVrxk-fUq0u18giEUcHml2kYLW_FH-zWzF659C6rPS2RLpPz32gVvUoQCc8_GBfZ1t8Nst5zf6zhVs6VYCwooHY3nFAQkbnwCH518zQxv2RnlDp4po_K4dsY1ngpZQ9C8&source=gbs_api
Inside Out: A Personal History of Pink Floyd,Nick Mason,u6NMMQAACAAJ,265734,2021/02/10,,read,5,360.0,http://books.google.com/books/content?id=u6NMMQAACAAJ&printsec=frontcover&img=1&zoom=1&imgtk=AFLRE70KQfa1CX_SADgcg2rWX1jA46XGMBg1nGel1YoXVmQimoQu8N2XpxAW_8EtdEM7OIGdHTIKDBeKh0EYgqRoRu33PuyC9MtYuU40k0hKhRNvdsZhWXlGPbs8ANTihw83d6o6-K_S&source=gbs_api
Flesh in Armour: A Novel (The Joseph M. Bruccoli Great War Series),Leonard Mann,idFCKA2Gso0C,4695480,2021/02/10,,read,4,349.0,http://books.google.com/books/content?id=idFCKA2Gso0C&printsec=frontcover&img=1&zoom=1&edge=curl&imgtk=AFLRE72snDtZIQtWYSAyOk4VcNf0FHFpKvECFmQCk2pkhyTRL-XUnsf6Yb6iichsDf5hdaKqcPK3MccvOsDecD6Rtr4k8OzznbJFrI7PW7xVQ4W-cEwAHHiQO2LdaLRd5IoRYdgddrbh&source=gbs_api
For Whom the Bell Tolls,Ernest Hemingway,TdVQAQAAQBAJ,46170,2021/02/10,,read,5,471.0,http://books.google.com/books/publisher/content?id=TdVQAQAAQBAJ&printsec=frontcover&img=1&zoom=1&edge=curl&imgtk=AFLRE72p11WBEC_1GiGfjqDd0PT2fCvsNJnSd8ccldIdQjMyMEykFt7tW-P98kItiXXn9tLAOMADevDkY9rIBhWDJVbgXrCrbpwD2PlSeTkrAMoAVU_Txiz202LJuMbQkGKUeXW77ezk&source=gbs_api
Homage to Catalonia,George Orwell,Ja9fEAAAQBAJ,9646,2021/02/10,,read,4,232.0,http://books.google.com/books/publisher/content?id=Ja9fEAAAQBAJ&printsec=frontcover&img=1&zoom=1&imgtk=AFLRE71FsalxMuz4_wum7w4-duJtMYscwde1jsJlHKFLZwivd_dkIWYZIrnHB-CCRXqhcbhOPSymfGm90wHrwtQQ9CY_Z5FY5ZUDKnLOmsvgvY8dVx-DoktiIcSTK-nbdGzbz_VSdV8h&source=gbs_api
Chip War: The Fight for the World's Most Critical Technology,Chris   Miller,fUVdEAAAQBAJ,60321447,2023/09/25,2023/10/05,read,5,464.0,http://books.google.com/books/publisher/content?id=fUVdEAAAQBAJ&printsec=frontcover&img=1&zoom=1&imgtk=AFLRE72IGlNz2egfxlUm7k8O66tNSa1tgFWGaryReygP6SpAhGSmdAzb6Qe_L4knyTn6rofrBnPPCAa9UGzxDMCs9sGDX9mEP7VlU2MC0hLxKMkze_IyZsO4JffiPV727EcncJ_piJoH&source=gbs_api
Arrival and Departure,Arthur Koestler,G7SEPYMUbWMC,1714864,2021/02/10,,read,4,190.0,http://books.google.com/books/content?id=G7SEPYMUbWMC&printsec=frontcover&img=1&zoom=1&imgtk=AFLRE71WqzV4E3iH7tMG4-_cP6F-7jOPx2vkePDQVjomQNV8S-kdpudW67Gl1WltIaiYdEGUQpfVrpKDKKQ7DZxLTsaBKrJZrt5OiHo4arnch7-BNpbwG-IoY2RjhnPzlwoJdiYvqjpQ&source=gbs_api
The Naked and the Dead,Norman Mailer,l4lZDwAAQBAJ,12467,2021/02/10,,read,5,721.0,http://books.google.com/books/publisher/content?id=l4lZDwAAQBAJ&printsec=frontcover&img=1&zoom=1&imgtk=AFLRE71JmhWrVTm6REp3g9aYn8IrI3sSiKLFP0nPZm5MRyeJ1XqFJOrvdIs5xyHYxIlSatyGXf9X2GaFiX4AmwStYRi-TLWCIn5p0X3ihgrYttf7GiTWN4dIScqRwXQeD_HkL6nsbxob&source=gbs_api
Life and Fate,Vasily Grossman,qvi1DQAAQBAJ,88432,2021/02/10,,read,5,864.0,http://books.google.com/books/publisher/content?id=qvi1DQAAQBAJ&printsec=frontcover&img=1&zoom=1&imgtk=AFLRE72M_HfuSUJUajoTNJ6C9TWxk4t7AQl5jmmqksL-RtMlmAu23wJ8rKOktYAlaP5fe3XVtbYvHLER8_3LjNJv9Eeqygm8Kn1-VKIGoIbCpZHKyPnPSAf9J--OKKO0t5ZV2Tgwusc1&source=gbs_api
What Am I Doing Here?,Bruce Chatwin,GWPO75mddbYC,79908,2021/02/10,,read,5,384.0,http://books.google.com/books/content?id=GWPO75mddbYC&printsec=frontcover&img=1&zoom=1&imgtk=AFLRE72Ucef4T7WvCWXMJRsz4x8v-iQaSJW6_Pr8bL2FjrAIdcBquq07A9THjY1TtykYWQ8o8FtHSoX7wp7PDJ7p0Yf-Rc6uKRm35PgQugIeaIAEqbxxhw1npj7bp6Dz_7_I6XjFLZzD&source=gbs_api
"AI Superpowers: China, Silicon Valley, and the New World Order",Kai-Fu Lee,Xb9wDwAAQBAJ,38242135,2023/04/20,2023/10/12,read,3,255.0,http://books.google.com/books/publisher/content?id=Xb9wDwAAQBAJ&printsec=frontcover&img=1&zoom=1&edge=curl&imgtk=AFLRE705f6nMUDWYk-l7M3Yiu6QIolLNLAmrGmHMfewbLxWPX3w4-DHwjDHrcSL8TaIqlY1Apg116_S07f84lCZHgQ4kx2fYA9Ccn7qbUSkJmCMF3iDnRvojP6vfwvVZekmVALagIPSy&source=gbs_api
The Sun Also Rises,Ernest Hemingway,BihiEAAAQBAJ,3876,2020/06/30,,read,3,189.0,http://books.google.com/books/publisher/content?id=BihiEAAAQBAJ&printsec=frontcover&img=1&zoom=1&edge=curl&imgtk=AFLRE7256gb-_DAXBoMENrQlcwYdVnC-7cdfY0_QUc_UPy1GS7c3QpdusWr9VcwTVXseE31jGP9gntfA-smwq5YvYMum5TLNPyw4198M5lI0fOE_hrqTDcgSbSUDEtuuhSVtAQBSDgSy&source=gbs_api
This One Wild and Precious Life: A Hopeful Path Forward in a Fractured World,Sarah Wilson,6WvqDwAAQBAJ,54112488,2021/02/10,,read,4,368.0,http://books.google.com/books/publisher/content?id=6WvqDwAAQBAJ&printsec=frontcover&img=1&zoom=1&imgtk=AFLRE73ICq6R6Er2d12N9zQuzZ2zDms6uQ2TwpKkvKYuOJsAUgQSYcOddiTch0_XGfscxvC7sR1s9PMtm4cP9UIWsWqWcZtcSauIB1FRbo88RN_Jpb00X35Lza77AWiBAca9Fzw2FiYm&source=gbs_api
Animal Farm,George Orwell,zsF8xwh6N_MC,170448,2020/06/30,,read,5,128.0,http://books.google.com/books/content?id=zsF8xwh6N_MC&printsec=frontcover&img=1&zoom=1&imgtk=AFLRE737Wf2GS1cnJwu1UgpZnS84WBStS019OQ1y4dglxUL9wxFSOooPtoMNLUSMwY5ezEoVxOBHa43W5hXRg76_LV1y74-vlV0JKrU98DiyiAkae881xucKfzdoB1AaMvB-1gaadzqI&source=gbs_api
Brave New World,Aldous Huxley,TIJ5EAAAQBAJ,5129,2020/06/30,,read,5,268.0,http://books.google.com/books/publisher/content?id=TIJ5EAAAQBAJ&printsec=frontcover&img=1&zoom=1&edge=curl&imgtk=AFLRE73fcNvPd0R2-nWGxl94bGpxgPaZeG-BEH-kk6-LNckNtFpGOA2muChjuYnCBjJ0-zSNNdKNstJyfQgmHUtCFlPufyU6JSY4a5dx0Msb_2AOuRASOw1POqr3lx1qGTVI2SC42sZL&source=gbs_api
Catch-22,Joseph Heller,Xfze51E7TEoC,168668,2020/06/30,,read,5,453.0,http://books.google.com/books/content?id=Xfze51E7TEoC&printsec=frontcover&img=1&zoom=1&edge=curl&imgtk=AFLRE71H7FPB8BZrdAaE7wE2UapN0cUGb1JEIB4GNcxEv4Lsh8uP1zAltTNGeQmy0e-m9iAjkn6HC4Joyf8qtJnDeyIHsn6wfd6ScTksricpqhvi0US2lfxVAg4xIOEBHja9LD1B5OOV&source=gbs_api
I Will Teach You to Be Rich: No Guilt. No Excuses. No BS. Just a 6-Week Program That Works,Ramit Sethi,DvSlDwAAQBAJ,40591670,2023/11/07,2023/12/08,read,4,352.0,http://books.google.com/books/publisher/content?id=DvSlDwAAQBAJ&printsec=frontcover&img=1&zoom=1&imgtk=AFLRE72EpoYLRdQ6pNpSvy1w0IIMate02nHCZvYTM-fjC2X4bD6ZrMuYLA8NkYLCUmtHBec6c1_eGQuwszOEQg4GJPaHjL2coyivLVcBRyUFMJBdhy4rCP5MMSiQPcOtQKHvOQZgCwr1&source=gbs_api
A Farewell to Arms,Ernest Hemingway,Z-FSAgAAQBAJ,10799,2020/06/30,,read,4,293.0,http://books.google.com/books/publisher/content?id=Z-FSAgAAQBAJ&printsec=frontcover&img=1&zoom=1&edge=curl&imgtk=AFLRE71BOhozLyuY6q3jSeX-AKYXjhwkIWM0wWKO-GcJJQJxRvJddyUXjX0ayAW07gysjvDB-ldwU23OC16HjE2erdqnNFJHDkolk_WIFskie8WOo4pmONPl-BeQ9vqKJxqb7hgvSP7k&source=gbs_api
Notes from Underground,Fyodor Dostoevsky,mtcKAQAAMAAJ,49455,2020/06/30,,read,4,136.0,http://books.google.com/books/content?id=mtcKAQAAMAAJ&printsec=frontcover&img=1&zoom=1&imgtk=AFLRE73ROu4n34I4F8H4eXSD539Qir8yn8F7YI_PY8uYx6ZOZIp5tnNMzkO0QST85au5hAMNffQRB1a4TFifSYg4kYUaqH8m5Zd0n-Vl__4C5491aR-MWdpArXRZRC2toA-Z-MacOKCY&source=gbs_api
All Quiet on the Western Front,Erich Maria Remarque,Ubk7YzNZGQUC,355697,2020/06/30,,read,4,296.0,http://books.google.com/books/content?id=Ubk7YzNZGQUC&printsec=frontcover&img=1&zoom=1&edge=curl&imgtk=AFLRE70B3gvWj1NL6lvkyLV3InhAGalPPs6xQQdKjz0DKI-HNRuSFBYIltrOG7DwM8WAmidjGpjUSm4MUCtO7Huo6XpEaOt6HWfcv-2e_j1SwT1nJHTeHAqh0DYl7vqIas8bpvIZzOON&source=gbs_api
The Psychology of Money,Morgan Housel,5HrrDwAAQBAJ,41881472,2023/10/05,2023/11/16,read,4,252.0,http://books.google.com/books/publisher/content?id=5HrrDwAAQBAJ&printsec=frontcover&img=1&zoom=1&imgtk=AFLRE73FNvci4Wn72IfiPSm9ASPdU04JcgZSSlKI8mZdcIe0KHzs_HG-_RYdqs6If6nqzxr5lONwYMAy1AVcnoTn_YHdIJGk6uZoCc05rGjYo2-VZHuB3a84T-QO4gUrDX82f1_rX9D0&source=gbs_api
Storm of Steel,Ernst Jünger,q-LjDQAAQBAJ,240485,2020/06/30,,read,5,289.0,http://books.google.com/books/publisher/content?id=q-LjDQAAQBAJ&printsec=frontcover&img=1&zoom=1&imgtk=AFLRE73cK5FnvarmDVst1QlFu97Z9Ft7sI6MHV4UdvwglM8twfR8tQtoxG7jPx7jdFdM5ZB7bAjn08fY690xlqp2xHR-FNG515y1rc4-9qWFH_UsjnPmDL0ippTZ5g3XdpwtvUciNeJg&source=gbs_api
The Rum Diary,Hunter S. Thompson,c5tMZGbhCkEC,18864,2020/06/30,,read,5,224.0,http://books.google.com/books/content?id=c5tMZGbhCkEC&printsec=frontcover&img=1&zoom=1&edge=curl&imgtk=AFLRE726z5aobgSaf1WvvgpCDOMynYz4eiuu5Tar0Zcb7sjRhOdLof4oNa2PMg9edoN6Ju52UeFpuZER9FB9JoY8N1tDLKyntvOy9zeAAIc5YdxSjIHHvutDzEDwxBQaBBsOeEKgxZGl&source=gbs_api
The Beach,Alex Garland,mSZDPuxde6QC,607639,2020/06/30,,read,5,436.0,http://books.google.com/books/content?id=mSZDPuxde6QC&printsec=frontcover&img=1&zoom=1&imgtk=AFLRE72f3bBZ2mvN6nglj0_UZeRxne7QkPfFx0CdRUE8ImnUhz0z9wKTlWsnlZPWCCc5HcRNZWn7GQeXh_kSfTv8d20qsbCrIE3K8qUB5N4Kgj2VbX4egAAXl0bSh6jdmXF_yp0T9bE3&source=gbs_api
Principles For Dealing With the Changing World Order: Why Nations Succeed and Fail,Ray Dalio,AifhDwAAQBAJ,52962238,2023/10/05,2023/11/14,read,4,576.0,http://books.google.com/books/publisher/content?id=AifhDwAAQBAJ&printsec=frontcover&img=1&zoom=1&imgtk=AFLRE70KCjxriMafCff8qgLR-qbn_xumEwvBs8B7OA7GvS2b4VTIDgUegrjmF5lNxDLonSOgbXqb4lr3B3YUvS4L-Z-0F9sjr8fX1GaqifsQVZfBB4caGiPJm3R9Iwt1a1CJzx0gOdzB&source=gbs_api
"The Handmaid’s Tale (The Handmaid's Tale, #1)",Margaret Atwood,4QXnYRaBUFAC,38447,2020/06/30,,read,3,314.0,http://books.google.com/books/content?id=4QXnYRaBUFAC&printsec=frontcover&img=1&zoom=1&imgtk=AFLRE73EDC3T0SVxdfpJcljgMdyVuIgeFj-ERrQS_MKKHjAXoRAtVIPepbvWe7McakJcm0JznDUEWIVhuBFKWjjA9qdrNm5UG2J7ZkwKpuoWvE6O_HdlU-uVdDyafASRNaDjio-4XUNt&source=gbs_api
Attention Factory: The Story of TikTok & China’s ByteDance,Matthew  Brennan,BewAzgEACAAJ,55666294,2023/10/08,2023/11/05,read,3,304.0,http://books.google.com/books/content?id=BewAzgEACAAJ&printsec=frontcover&img=1&zoom=1&imgtk=AFLRE71AwIE-8gXIepBtzPQfMVHzC1E6Cj8nBuxsub_u2e7vcwILID37JxxpEbj1UusiLpBga9DqOb54JwmUF1FRNEeYR7rz2GIfraGNM1BEf0e9uRh4EM4GYpW9b-updgq7i8mciisO&source=gbs_api
The Grapes of Wrath,John Steinbeck,TdhaZ6xEaBYC,18114322,2020/06/30,,read,5,479.0,http://books.google.com/books/content?id=TdhaZ6xEaBYC&printsec=frontcover&img=1&zoom=1&imgtk=AFLRE71DBdVtUMeMxJ26lu0RRBd5iKck_PY31QBU1Z9oC-rVd9mtNelLYtP-03sdRnH2INOM8hL_Rmf1DlRzsA7G224iWnPh6OBYCM4_vu2oo1PR1Ggj1znEmq1-M1gtA5KLgVUiP1Qc&source=gbs_api
Slaughterhouse-Five,Kurt Vonnegut Jr.,Gc_SLksZVB4C,4981,2020/06/30,,read,3,275.0,http://books.google.com/books/content?id=Gc_SLksZVB4C&printsec=frontcover&img=1&zoom=1&edge=curl&imgtk=AFLRE713Bzv8z3vrTrQ5I8LuukXdkP3JCrXM_0hSCzHQCaaUPvKWtel5W0UCw5g22lFxQxLsND6AXLXPFNsf7f4QCTzAsagAnk55uU2_dOi0jXcE9ojJB4jm5X-47cMERQEedR0hVZ3q&source=gbs_api
We,Yevgeny Zamyatin,-RSyEAAAQBAJ,76171,2020/06/30,,read,3,226.0,http://books.google.com/books/publisher/content?id=-RSyEAAAQBAJ&printsec=frontcover&img=1&zoom=1&edge=curl&imgtk=AFLRE72-E2Xhw8UB8pZKhPpxTJT-DsHcPtBx0CI2zvvhWVzP5RXBxR5bCCkgJ5h26MVHS4UdZaeLIPQpTfNQZwvNmHhsjJgaGE_GOXHoferABuyqy7VvqbtrX4TrQ4LhkC7Gd9mjS4lp&source=gbs_api
"Valley of Genius: The Uncensored History of Silicon Valley (As Told by the Hackers, Founders, and Freaks Who Made It Boom)",Adam  Fisher,HUc5DwAAQBAJ,36382335,2023/09/28,2023/10/22,read,4,512.0,http://books.google.com/books/publisher/content?id=HUc5DwAAQBAJ&printsec=frontcover&img=1&zoom=1&imgtk=AFLRE73IF71T2QN81MBTa8a2scEgCww5j5ZW_WtT4Andqz1lJqYfYAJ6Y_58NoFYJPLzyFIWuXsK-91KHknHRzG2FiaooeSnb_o1LHYnNlkBWeJyXvlUzUpPJKKu19tOzaX9n7VRrCKy&source=gbs_api
Fahrenheit 451,Ray Bradbury,OYtkbGl2j0sC,13079982,2020/06/30,,read,5,194.0,http://books.google.com/books/content?id=OYtkbGl2j0sC&printsec=frontcover&img=1&zoom=1&edge=curl&imgtk=AFLRE710QsDS9kfkYv4PumLiYbhjeKEAH7Kx6fPQcmOcaqSsKL1xHUjs1cyoah9ypT6F1keR3saJ6WfILg4hKqghb3gChvRUPLuAbFJXh-ec8xEKgUX7SPTAZgzcMjz6XoCP_BABGONq&source=gbs_api
The Catcher in the Rye,J.D. Salinger,mZunDwAAQBAJ,5107,2020/06/30,,read,4,234.0,http://books.google.com/books/publisher/content?id=mZunDwAAQBAJ&printsec=frontcover&img=1&zoom=1&imgtk=AFLRE72PPmGaFW5fDUYQPScq9lveXTLa9enk4IdWYKL7gXx204B7qVadI5Wkax3GMHLmPY8RBe1c7I0hv1aqaAt1e8ngwlpaKrpgW0RTyIjPtoAVd5u9rRWwautIQaU9aqP4laC_4DTG&source=gbs_api
The Forgotten Soldier,Guy Sajer,_8QUlpa3O4EC,102305,2020/06/30,,read,5,465.0,http://books.google.com/books/content?id=_8QUlpa3O4EC&printsec=frontcover&img=1&zoom=1&edge=curl&imgtk=AFLRE73KvgzzQju4ZyJGMOxlEirxcTLTbt1vlmgwZmEhlyFr7MuNbR6vvaoyXjPvrIT4DNmINvyxlijjVRL_4rZFJcSXYjL7a0UEcrRFWr5Vdp0GVZzrozMBZHn8JH_Emc1jvA6khmQ8&source=gbs_api
The Idiot,Fyodor Dostoevsky,5fyuj9x9UZIC,12505,2020/06/30,,read,3,667.0,http://books.google.com/books/content?id=5fyuj9x9UZIC&printsec=frontcover&img=1&zoom=1&edge=curl&imgtk=AFLRE72kfyY2JI5foriXVod3eLACZM9ddrP27Cf_YChnseCYCFMrn2hdgZd2AudEA2j8FpXtkqj1gHs2kbu52clpGB1HMV4yS-1dzvYEUsD66LjHgdWZ8qo8XETBTBGgJ6pT7KtWFfQK&source=gbs_api
Lolita,Vladimir Nabokov,S0lVyYcw8tsC,7604,2020/06/30,,read,3,368.0,http://books.google.com/books/content?id=S0lVyYcw8tsC&printsec=frontcover&img=1&zoom=1&imgtk=AFLRE70WnPeS_Ue36O9BjRAl3VC0A72DtNuzluMLDSNS2yvUGar-6creEht6T2CqN3z3Y3xSpq-9nVlqi7pmSMXmCArQ6icnBwKGtardUW_m5CWj6waaBTfWdn2JIVwRD5PrOyhz2BqK&source=gbs_api
Junky,William S. Burroughs,2CvEs2xybZ4C,23940,2020/06/30,,read,3,166.0,http://books.google.com/books/content?id=2CvEs2xybZ4C&printsec=frontcover&img=1&zoom=1&imgtk=AFLRE72nerr0k9bjuAV9v0TdjItndPFP6Xqk7e9qHYWExITpL8uYJG4UKwmvmsFuz70FfxHF6Wq7uF8llhEsDfvisiO9N0vXxB6VgCTXWo7jDfVXZ4CcI8J-6O1TrTTRZLr649iJ5ieS&source=gbs_api
The Motorcycle Diaries: Notes on a Latin American Journey,Ernesto Che Guevara,1zYGEAAAQBAJ,172732,2021/02/10,,read,3,175.0,http://books.google.com/books/publisher/content?id=1zYGEAAAQBAJ&printsec=frontcover&img=1&zoom=1&edge=curl&imgtk=AFLRE73Q1DFY0dKnVF7upbrLu_OqPDoqJRYCiLbGwCIi7LSnB1dQGv5c_mM8NaZF0kj2Sgx7eJtgLw_orTj0xXr8CO1GJRcicN2d_OU-yDFqV2HuMcdyMPDeDte5w5XhY8bj4Rg9G9-b&source=gbs_api
The Road,Cormac McCarthy,fwMuvZo1HEAC,6288,2020/06/30,,read,4,241.0,http://books.google.com/books/content?id=fwMuvZo1HEAC&printsec=frontcover&img=1&zoom=1&imgtk=AFLRE72yFO1pkdiA5iDblT2urr9FVW4WYKSLTQQZGSzIrbFqJVzxUBJcRQsM0aoyNUV0PgDd9rbmqkklrS8vivTmuAjNQo4FP60hl5khNwkBXxRgva3iPjYemDE6qfkINztbRgKXZSMY&source=gbs_api
The Stand,Stephen King,UbfnTcmkaKkC,149267,2021/02/10,,read,5,1152.0,http://books.google.com/books/content?id=UbfnTcmkaKkC&printsec=frontcover&img=1&zoom=1&imgtk=AFLRE70uGjvajIkzUuwVUNcgRjF_IjQnTy24wwSR2nyXVP0vip-auI_4ZvhEpM2xvDXiB6Ooec7pXwgnr8L2VLFhd60--hZnzOomz-zYXZevS1BsAY0SnH13eTsHrOp1ThJCASbcnmLs&source=gbs_api
The Communist Manifesto,Karl Marx,5BpiEAAAQBAJ,30474,2021/02/10,,read,2,288.0,http://books.google.com/books/publisher/content?id=5BpiEAAAQBAJ&printsec=frontcover&img=1&zoom=1&edge=curl&imgtk=AFLRE72V8A0MexqnmryuTEM3QPqkvbIASi1sVYhlRowf2JoysM18HFCO0DsxkuYTgeKKdvp3s_CqqyBBcKFl-9JcppzjQ-zSCbKgIncJ20KB0_4FCmDufmgLYzrNZDvXpXQdsptokDhR&source=gbs_api
The Road to Wigan Pier,George Orwell,Sq9fEAAAQBAJ,30553,2021/02/10,,read,4,215.0,http://books.google.com/books/publisher/content?id=Sq9fEAAAQBAJ&printsec=frontcover&img=1&zoom=1&imgtk=AFLRE70EMQccPpW5xw7Xd0UIfxO8kgvDfA-uiQVes1fyR8sdb2ZrclTihEqoHeotHEoLZCJBjOd_JwhT8KALVPPfPVABZHICg43ZOleM4X3eL624JAy9dLMtV8_P54BcVa70lvmS-46L&source=gbs_api
Man's Search for Meaning,Viktor E. Frankl,RMqMDQAAQBAJ,4069,2021/02/10,,read,4,165.0,http://books.google.com/books/publisher/content?id=RMqMDQAAQBAJ&printsec=frontcover&img=1&zoom=1&edge=curl&imgtk=AFLRE72Dtcw4vYebzkT3eFlyV8jcX9yH2GlN2QWujP1v_p68WJUwMNi7txb0Ellk5rKkP4rTrysBTttMxwuRM0mKMJM2SHFENbn0ZY3ekVbf35A4cgfxN7JKeqzxsqwHc61CWuyy3ubp&source=gbs_api
The Sorrow Of War: A Novel of North Vietnam,Bảo Ninh,ZKBIfMLVMHsC,780889,2021/02/10,,read,5,233.0,http://books.google.com/books/content?id=ZKBIfMLVMHsC&printsec=frontcover&img=1&zoom=1&imgtk=AFLRE70HYll9ISekNri0fUD9-oZz7VayraKh5xNm_v926zhpOVX0s_4LwM4tS0wd79YvTD1zxJdSth-Thi5XS4RGGGl5Ds8OvVaCLhBSVj9-lkGW6dYtsBune816CWNMvwsGHfEi8fH4&source=gbs_api
The Consolation of Philosophy,Boethius,X5UoAwAAQBAJ,31837,2022/01/05,2022/09/06,read,3,155.0,http://books.google.com/books/publisher/content?id=X5UoAwAAQBAJ&printsec=frontcover&img=1&zoom=1&edge=curl&imgtk=AFLRE71mlzViStZ6lAmzQ8uj_ioIyXmTlzori7eJ2D4LtediqTdCkDDdvt0hx9Lia1ai0pYVwT72u-pk7tNFFlCbQdlS8awXaGwXdc-y7p8G8web3dEHX5ggJGbfyQRoVswCjYDWKYAT&source=gbs_api
"The Age of Reason (Roads to Freedom, #1)",Jean-Paul Sartre,SjUQeFHY2_4C,10034,2021/02/10,,read,1,416.0,http://books.google.com/books/content?id=SjUQeFHY2_4C&printsec=frontcover&img=1&zoom=1&edge=curl&imgtk=AFLRE71HR3jKz8nc4fxUTOKv2zotsUHK0qbzjXiYgxZz6SPHGgqqHUYNFFRvIk6wPNgqRjaUEW1SXVkwm_21wnbw-oiWacPuFdIieTH2jv0m2Q-uEoldQBJhoNDFmwk_J63Fdy-YIGEX&source=gbs_api
The Plague,Albert Camus,7_Blv5sqceoC,11989,2022/01/05,2023/08/16,read,3,308.0,http://books.google.com/books/content?id=7_Blv5sqceoC&printsec=frontcover&img=1&zoom=1&imgtk=AFLRE702fNt0DSrQxhGWsZQ-9N82YNW3UkPgmdQ0QB_iiXUx36xh4i5A1Z4ZPSzG0Mm63ktOLna3d54fn66eHf5jCUg9C4vpgvJzQS-glfOqy210aHJ51FpCyh5O-UCfdl06PyyHTDRV&source=gbs_api
No Excuses: Existentialism and the Meaning of Life,Robert C. Solomon,8tVSPgAACAAJ,25517245,2023/07/30,2023/08/20,read,4,13.0,
Hiroshima,John Hersey,SIiVDwAAQBAJ,27323,2022/01/05,2023/08/21,read,4,152.0,http://books.google.com/books/publisher/content?id=SIiVDwAAQBAJ&printsec=frontcover&img=1&zoom=1&imgtk=AFLRE71oyyWsIkm3-YyzLvlDVCG3u2657JH2GACcF6pj8WfXogmR1lFdo6QAEQfyNftqHYlD8XOk__2nNGpjkMiSY4Ze_KVbO5ND4OOauhGcLMozKdyBoVYAfQd3MFedCZQ8eccVNXx4&source=gbs_api
The Motivation Manifesto: 9 Declarations to Claim Your Personal Power,Brendon Burchard,C3_EBQAAQBAJ,22891629,2021/02/10,,read,4,236.0,http://books.google.com/books/publisher/content?id=C3_EBQAAQBAJ&printsec=frontcover&img=1&zoom=1&edge=curl&imgtk=AFLRE73z_UahEe5dotOzAUPICHwy9kBVUpkNYPaWC-SF8Lr2ykG8P_CURwdhgn_VEbn0c9LhtV6XNt9EsT41FiW1mONyBzTRAiGgH6xG-bQnWSk55q0zAQVty0dQpAtD0ofSoWNEGhPI&source=gbs_api
"Zen and the Art of Motorcycle Maintenance: An Inquiry Into Values (Phaedrus, #1)",Robert M. Pirsig,M69poeV1UhoC,629,2021/02/10,,read,4,540.0,http://books.google.com/books/content?id=M69poeV1UhoC&printsec=frontcover&img=1&zoom=1&imgtk=AFLRE73mivb-or_40rUQ47xVFopAoErmylAzH2z5yteSybgv0ZpE-XpLcb4uTERrLvI5-o80CMoWQnaniEpgDvsvOQdtxYo1PBBlfPXUbl7S24xzcKmYzBlsBR85549jJueHiVrZa6W0&source=gbs_api
The Consolations of Philosophy,Alain de Botton,e5b5GrNtMrQC,23419,2021/02/10,,read,5,265.0,http://books.google.com/books/content?id=e5b5GrNtMrQC&printsec=frontcover&img=1&zoom=1&imgtk=AFLRE73V2ffUej_nANmyXXYJYRT9kD1fZrRzyY1N7Sxg7F7A8mVfRd0Imisg2QlmYa7-TXigJF9B3ej8Uoe-K_eN15D2Ogv89Hou4kDXFU2eWiYi70d3eAityKCVBL389XIKBoEK6Z-n&source=gbs_api
Waiting For The Man: Story of Drugs and Popular Music,Harry Shapiro,h8s4AQAAIAAJ,2214668,2021/02/10,,read,5,256.0,http://books.google.com/books/content?id=h8s4AQAAIAAJ&printsec=frontcover&img=1&zoom=1&imgtk=AFLRE73P4jxXeqi0V2kODMuDyGJ-YlwVD0FF5LCcIJ552O1jCr_E5GmgHdQto8G0WXPII-Zcsq49DjdJigWn20C7kWf00HFtNKof6CfEbEP_0hCmsNx8vxwquMhbWHWVok9_usSO1TsC&source=gbs_api
The Utopia Experiment,Dylan Evans,Bb4tBQAAQBAJ,24248053,2021/02/10,,read,5,275.0,http://books.google.com/books/publisher/content?id=Bb4tBQAAQBAJ&printsec=frontcover&img=1&zoom=1&imgtk=AFLRE72Wr3_RFwRm5cccEP557ibGxPdGmCdYJH0wNZHDdqINOq4h8EvldYbsSPFcDh2cnMe6MRCEqlZyEHr00oaQSgTW-z7bxuGtQRgDnfwwxZqf_8zlv-j4CHQKdUGiJS7i6vB1MaVi&source=gbs_api
"Reader, Come Home: The Reading Brain in a Digital World",Maryanne Wolf,Hlg_DwAAQBAJ,35887237,2023/02/11,2023/02/19,read,4,272.0,http://books.google.com/books/publisher/content?id=Hlg_DwAAQBAJ&printsec=frontcover&img=1&zoom=1&imgtk=AFLRE721WTpDOicBVMOHbi9dNI2B0xG0cq7n7kfoS4M2TSxvS8Dqn5i_tX1TIbIo3tiHjyRdOdWGeFdVb27ognoihG_TemsZ83cLUF-obCNzo3LT18KGcKjwm10u5U82cr6bPP10SkIH&source=gbs_api
The Winter of Our Discontent,John Steinbeck,gzNVrIRJSIoC,4796,2023/08/20,2023/09/07,read,4,291.0,http://books.google.com/books/content?id=gzNVrIRJSIoC&printsec=frontcover&img=1&zoom=1&imgtk=AFLRE70mn7GqH2eefhMA1tKeEekObApvEin9-epuI98BlUMzzATRjXESpg-tYUWKV92J8PcQ9QAgs7p8h9KPZ-fDJxsaFarT3f1VRSyGdSKnaT3Qoxk2cm2lt8Pagt2HeBrMa2QHr0GM&source=gbs_api
Mind-Body Medicine: The New Science of Optimal Health,Jason M. Satterfield,FYqMoAEACAAJ,24783723,2023/07/31,2023/09/07,read,4,,
Crying in H Mart,Michelle Zauner,8HMZEAAAQBAJ,54814676,2023/09/13,2023/09/22,read,4,256.0,http://books.google.com/books/publisher/content?id=8HMZEAAAQBAJ&printsec=frontcover&img=1&zoom=1&imgtk=AFLRE71b3k8Mik77tC6kJsuMTUDa4AAaZ8z1kp-Jw8KtzGMvHsJnaWqokX28nFSvwxc5iOoN_9TVXCFYGBlGiF-wILSdffXbAUvnbbOmCko53LCXEfTMH2ik9WUCOnKs1qmGflqgA6zh&source=gbs_api
"If Not Now, When?",Primo Levi,qd0nDwAAQBAJ,136096,2023/01/12,2023/09/06,read,4,331.0,http://books.google.com/books/publisher/content?id=qd0nDwAAQBAJ&printsec=frontcover&img=1&zoom=1&edge=curl&imgtk=AFLRE71I6n8iAWEL8c0D9AsrztfhFBMa8YtNmuUvYwGbYtdX8DJwM2d-NUNuf7E1siEPqIA8Dkc2y-h8-e7SGMfrU-06iO0-tMzFPr8TZR4qXE8Zs8BSPs0JL2kYD8hAJ3JIFMA_g6N2&source=gbs_api
Down and Out in Paris and London,George Orwell,HpAREAAAQBAJ,393199,2021/02/10,,read,5,213.0,http://books.google.com/books/publisher/content?id=HpAREAAAQBAJ&printsec=frontcover&img=1&zoom=1&imgtk=AFLRE71Pc0chZQp8LarOHgf3O5eVDKIRixSGmEMeAqBmLg5Pvd7Sc5FHLok5kYxFskAeW7xQrLObRx9vk3GAQTcLyff8z_Onr1ojig84iGHkb4AOV6N1lrtZs2iHmByGl3JYnybYomzY&source=gbs_api
No Country for Old Men,Cormac McCarthy,pd0ZLJDu96MC,12497,2023/09/06,2023/09/13,read,4,309.0,http://books.google.com/books/content?id=pd0ZLJDu96MC&printsec=frontcover&img=1&zoom=1&imgtk=AFLRE718pPCaz0FywdGdPXFFhgA-umXzvOQTwZVr7jiGk04eOYT0vnV7JgXbA1NoXgTQ5EFxbOjva3K_ThgI8Joj44vEyHE9NzsR2jSKPF3qZLAoG7AkRsI7wwItJ5cEj0gU3zwGpp23&source=gbs_api
The Adventures of Huckleberry Finn,Mark Twain,s9q60rLUbRcC,2956,2020/06/30,,read,3,327.0,http://books.google.com/books/content?id=s9q60rLUbRcC&printsec=frontcover&img=1&zoom=1&edge=curl&imgtk=AFLRE73p0w-5-EoYhn7O-nFNj6hk34uTEBJH_--gnd3tM2VCm-HH3NphYfpwAFhBCUn5mzzKDZYttpi1M99-7TZF_Ad4oKc-_-jUQikWVocP4JeokEuc7R9V4f--vP2h9nyPY8R07jwi&source=gbs_api
Venus in Furs,Leopold von Sacher-Masoch,NfWjAwAAQBAJ,427354,2021/02/10,,read,3,160.0,http://books.google.com/books/publisher/content?id=NfWjAwAAQBAJ&printsec=frontcover&img=1&zoom=1&edge=curl&imgtk=AFLRE7260d2rqjNz_E5klRZT5QKfV9xe3kdsSgpmJH8jKm3ITetaeKGnah-wIA-np4PnIXeM5X3YBcchX9h06YF2IpTQlsDFyhMRTp9fJf9R49JFLGumcABbizWZjNEzSU24iPpYp8ya&source=gbs_api
On Identity,Stan Grant,J6PMDwAAQBAJ,43699540,2021/02/10,,read,4,95.0,http://books.google.com/books/publisher/content?id=J6PMDwAAQBAJ&printsec=frontcover&img=1&zoom=1&imgtk=AFLRE705_Gkpkf9CApBOoIJgboaGAJEDr8cM1YI8zp9nl145Iv5I_Ar2JUV6AHKy-ZrLPNrLdTgx7g7WaXYZvUl9_QZI99GybpszgJWYphj_wdcKshnZjWAY4G9ehl-l77u0vpyYfSUr&source=gbs_api
Silk Roads,Peter Frankopan,M1FFCQAAQBAJ,25812847,2023/06/27,2023/09/25,read,5,636.0,http://books.google.com/books/publisher/content?id=M1FFCQAAQBAJ&printsec=frontcover&img=1&zoom=1&imgtk=AFLRE72UTwp17NIX2uBwMDrF65_7hwfIBUOta3SC9u01kGY5gqDpqc4Rk8iteYD8WOM8zsadLpEKc3iHaqKUPzAJTfqSO2IFMwVxZjhEahbwZBiMJdkJCYh9-Y1ByWJO4T_jSHnSPxSu&source=gbs_api
Frankenstein: The 1818 Text,Mary Wollstonecraft Shelley,bWOuDgAAQBAJ,35031085,2020/06/30,,read,3,260.0,http://books.google.com/books/publisher/content?id=bWOuDgAAQBAJ&printsec=frontcover&img=1&zoom=1&imgtk=AFLRE73nNkF6YkVH9VEvWH7KPUTaPsvmfVfDIuYnZG2CkeRWCdj07WEFFksrs3DKq3RxtVT5ZmRdBrAoO-ejQnI5mwN2ytPuHTTx1XS4hVodMv6dB3VI62g6tqPTMfEEZRH6xNhukB6V&source=gbs_api
Religion for Atheists: A Non-Believer's Guide to the Uses of Religion,Alain de Botton,Qf3eWWmWFsQC,12576334,2021/02/10,,read,4,320.0,http://books.google.com/books/content?id=Qf3eWWmWFsQC&printsec=frontcover&img=1&zoom=1&imgtk=AFLRE71nGGlpM4ZrzoroSNt2dTdHic4hK162Np4skhbI9UYK5HHuEA3dOb6nF1jSIre7Wtkdpn0LIpf_hk2hCG6wOVZHUbCDZ7GiWio7IjxOKoSNj3y9qWXqsPQ_B7TOPIEjW1vEqCzZ&source=gbs_api
"Thinking, Fast and Slow",Daniel Kahneman,oV1tXT3HigoC,11468377,2020/06/30,,read,5,499.0,http://books.google.com/books/content?id=oV1tXT3HigoC&printsec=frontcover&img=1&zoom=1&imgtk=AFLRE70nmCPfJmwvbr4b5Na8MjMq6C-auhm24eqhhQ4SpzTD6BRGhEGxMxWqzw8W2i2JsKQpOMxOhDOJVoFxKb1pXus_5tHsYPt-FI85_bP6hBF2qftnPmXPvqZtBkzlRl4oV5_vFr8r&source=gbs_api
The Dharma Bums,Jack Kerouac,-oBPEAAAQBAJ,412732,2021/03/30,,read,5,244.0,http://books.google.com/books/publisher/content?id=-oBPEAAAQBAJ&printsec=frontcover&img=1&zoom=1&edge=curl&imgtk=AFLRE70iCIXxG61qAmDurLqVqYVJ-8EgHYG7RaTKJ6waUJxQeAUlD0An8i1y2UtJmBWwOZz3BRB15wZskJF3jo2DRt0Jb0QgK7Dkao1WLmQNV_-s6jEw2l3z6JdMd_j9ogW4lpsXIAOK&source=gbs_api
The Story of Human Language,John McWhorter,0eE0mgEACAAJ,3328218,2023/07/16,2023/07/23,read,4,19.0,
On the Road,Jack Kerouac,jb_yfcu8KwUC,70401,2021/03/30,,read,5,307.0,http://books.google.com/books/content?id=jb_yfcu8KwUC&printsec=frontcover&img=1&zoom=1&imgtk=AFLRE73yhrfLPYqSGALCJE22Sb833QvreNCLOKwkClVNfUps52apofSUpFgmYfPvysLpMtYssqDmEHFxtdZvQdkKxr506ER-x-_-PnrtPFhtYcbmpcpl3MMsXPWm8vbzvBcjxnc9PlRO&source=gbs_api
Thirst for Love,Yukio Mishima,1YbeTHJDKykC,62801,2021/02/10,,read,2,200.0,http://books.google.com/books/content?id=1YbeTHJDKykC&printsec=frontcover&img=1&zoom=1&imgtk=AFLRE71npO_oIj9aZ8UpX8jYAlWxan2UyZ4SdPwGRATQujbq1vDi4mHH8PGM9pDT1NiEdOXaeQj4whTmmYRXaZ7de4cNFwbcf1RK3_ygMLTnPesqoXITXkZ1l6qCYDktSHQnCL3TvUkK&source=gbs_api
All Things Shining: Reading the Western Classics to Find Meaning in a Secular Age,Hubert L. Dreyfus,7vS2y-mQmpAC,10087892,2023/04/17,2023/07/27,read,3,272.0,http://books.google.com/books/content?id=7vS2y-mQmpAC&printsec=frontcover&img=1&zoom=1&edge=curl&imgtk=AFLRE72LUp-pXaX2M3rezPmPYhlfQjP-DzwOaNM40ONOuerwOGaeokue3ypm6QWHTW1Ssskn6MDzXp6k-d184-w017PLs5TuWpaMaXaqJuEtNilLXYamf3FXafr517hcaHx-GIBzf_Aj&source=gbs_api
Existentialism is a Humanism,Jean-Paul Sartre,IfNqvQXbuk8C,51985,2021/02/10,,read,4,122.0,http://books.google.com/books/content?id=IfNqvQXbuk8C&printsec=frontcover&img=1&zoom=1&imgtk=AFLRE73aeA9clwg-PnB5pTNboWIffdkTEEjdZ1PE9u6HB1WD0OVC844rXRjADEl8GKNgGrWVzhU_yJl88pLIgUR0L3z8ilJ5bp8AweHfK6_xhcCzSSQAndLJCDQD7Duo45ch5yOol-W3&source=gbs_api
The Stranger,Albert Camus,35VcAAAAMAAJ,49552,2020/06/30,,read,3,159.0,http://books.google.com/books/content?id=35VcAAAAMAAJ&printsec=frontcover&img=1&zoom=1&imgtk=AFLRE73Lp3-AYlDZxCbTb06gPM6wxefPlbYs0bmvLr3PtRTWlTPW4ywhd0pDbgyc-P_3sQDiXdmWRZjla4KdsSboIyqd86IKwjhCetmZ9Q_Zgl38PvxKS8cQoXNk5VbE8NmA2KuAivnG&source=gbs_api
Chickenhawk,Robert Mason,kYPC4HqsCLwC,63699,2022/10/06,2023/07/23,read,4,512.0,http://books.google.com/books/content?id=kYPC4HqsCLwC&printsec=frontcover&img=1&zoom=1&imgtk=AFLRE72FI7_Fem3893hK9-05wu9VwW3LNHcBDX5pLg7ycuwrytZzyjFg_bAOLqn2jEFX4mCpl2YSI9KT_0QAMLuF7fbIQEYVumxnUeacrpV5zVSrT5Z17NmcT9_vjOXB8PR_QbFnchiO&source=gbs_api
"Dune (Dune, #1)",Frank Herbert,q_5WzQEACAAJ,44767458,2021/02/10,,read,3,658.0,http://books.google.com/books/content?id=q_5WzQEACAAJ&printsec=frontcover&img=1&zoom=1&imgtk=AFLRE71J0JaWhK1JkzRFm79qRXdxiMzN_is12a4T2yEEHUPQzPiDeBASXbAJgXQs1CWQJIh90rkLupQPAjDivcs3s4MkIcuHdf0J0VD68K0sTYFYFfR4GB60-t4b6Lq-28ndnFgYgl-2&source=gbs_api
The Myth of Mental Illness: Foundations of a Theory of Personal Conduct,Thomas Szasz,oXebZQZwLHYC,706525,2021/02/10,,read,3,320.0,http://books.google.com/books/content?id=oXebZQZwLHYC&printsec=frontcover&img=1&zoom=1&imgtk=AFLRE70TlJCOZ4r-luZxuHjCPsohv5_RPS1C-edACl7k4YqTVTAai5V_QGvcvmue8jzIxxu5oHmdvc6v46uHxCrwGpNHCBkOPHvSzkvQBJf3kNhoAwCgLDR2ky-6cy9HnHa8TasBbr4I&source=gbs_api
Of Mice and Men,John Steinbeck,09wCs_QXKXkC,890,2021/02/10,,read,4,107.0,http://books.google.com/books/content?id=09wCs_QXKXkC&printsec=frontcover&img=1&zoom=1&imgtk=AFLRE73s5KduFhR89mMwShni2aVrjenef9xGJG_Z6ZE7wNTwD1Tuyfq2J3o739qsCzhW-EITakA-TGtdjEbS5PrQ_PRj86K384mMB_44sKH19gJ79dyb-9CaVgDHFjW8zQUfgW9RmqWG&source=gbs_api
"Blood Meridian, or, the Evening Redness in the West",Cormac McCarthy,s-QzccStux4C,394535,2023/09/22,2023/10/02,read,4,351.0,http://books.google.com/books/content?id=s-QzccStux4C&printsec=frontcover&img=1&zoom=1&imgtk=AFLRE73LUcHcNvMHxl4ZUoTWk1JQ4WntQhHJ08___GW7B-pLhbxPzeZvxcijmxIiBkFkSk1JVLKxUPeJHaf_OFQExnHsQUN7WxMtrv9BA6_8YClTe39vUVV_9ITTOBe39OQTU9NQbVtb&source=gbs_api
Nausea,Jean-Paul Sartre,CGbBbtDOZbwC,298275,2021/02/10,,read,1,178.0,http://books.google.com/books/content?id=CGbBbtDOZbwC&printsec=frontcover&img=1&zoom=1&edge=curl&imgtk=AFLRE7117uKByl5-RfQmiCQycHBXw3ngUdxa-mRiuxhMbnFOxpWEarC14_wjQ7GqfMpsKmqqQBryNPJjyGabbwIpKzc4GsiZk8Zwqz8UhZkBUo4JLMT8Ju3J-VjW-rO-m65z4y2qnL3n&source=gbs_api
Cognitive Behavioral Therapy: Techniques for Retraining Your Brain,Jason M. Satterfield,74QBswEACAAJ,39067892,2023/07/16,2023/07/24,read,4,,
